Account Code,Class,Weight  (oz.),Pieces,Total Cost
8393,NOCLASS,0.0,0,0.000
8393,NOCLASS,4.0,0,0.000
8393,NOCLASS,16.0,0,0.000
8393,1CA5DFlt,1.0,0,0.000
8393,1CA5DFlt,2.0,0,0.000
8393,1CA5DFlt,3.0,0,0.000
8393,1CA5DFlt,4.0,0,0.000
8393,1CA5DFlt,5.0,0,0.000
8393,1CA5DFlt,6.0,0,0.000
8393,1CA5DFlt,7.0,0,0.000
8393,1CA5DFlt,8.0,0,0.000
8393,1CA5DFlt,9.0,0,0.000
8393,1CA5DFlt,10.0,0,0.000
8393,1ClFlat,1.0,0,0.000
8393,1ClFlat,2.0,1,1.900
8393,1ClFlat,3.0,1,2.170
8393,1ClFlat,4.0,2,4.880
8393,1ClFlat,5.0,0,0.000
8393,1ClFlat,6.0,0,0.000
8393,1ClFlat,7.0,0,0.000
8393,1ClFlat,8.0,0,0.000
8393,1ClFlat,9.0,1,3.840
8393,1ClFlat,10.0,0,0.000
8393,1ClFlat,11.0,1,4.440
8393,1ClFlat,12.0,0,0.000
8393,1ClFlat,13.0,0,0.000
8393,1CMAADCL,1.0,261,175.392
8393,1CMAADCL,2.0,0,0.000
8393,1CMAADCL,3.0,0,0.000
8393,1CNAPres,1.0,0,0.000
8393,1CSPiece,1.0,3,2.220
8393,1CSPiece,2.0,0,0.000
8393,1CSPiece,3.0,0,0.000
8393,1CSPiece,3.0,0,0.000
8393,1stClNMLtr,1.0,0,0.000
8393,OtherCls,1120.0,0,0.000
8393,PkgSRetG,32.0,0,0.000
8393,PkgSRetG,80.0,0,0.000
8393,Priority,32.0,0,0.000
8393,Priority,48.0,0,0.000
0001,NOCLASS,0.0,5786,0.000
5130,NOCLASS,0.0,0,0.000
5129,NOCLASS,0.0,0,0.000
5129,1CA5DFlt,3.0,0,0.000
5129,1CA5DFlt,4.0,0,0.000
5129,1CA5DFlt,5.0,0,0.000
5129,1ClFlat,3.0,0,0.000
5129,1ClFlat,5.0,0,0.000
5129,1CMAADCL,3.0,0,0.000
5129,1CNAPres,1.0,0,0.000
0011,NOCLASS,0.0,0,0.000
0486,NOCLASS,0.0,0,0.000
5120,NOCLASS,0.0,0,0.000
5235,NOCLASS,0.0,0,0.000
5235,1CA5DFlt,4.0,0,0.000
5235,1CA5DFlt,9.0,0,0.000
5235,1ClFlat,9.0,0,0.000
5235,Int1stLt,1.0,0,0.000
0383,NOCLASS,0.0,705,474.824
0383,1CA5DFlt,2.0,0,0.000
0383,1CA5DFlt,3.0,4,6.040
0383,1CA5DFlt,4.0,1,1.780
0383,1CA5DFlt,5.0,1,2.060
0383,1CA5DFlt,6.0,0,0.000
0383,1CA5DFlt,7.0,0,0.000
0383,1CA5DFlt,8.0,0,0.000
0383,1CA5DFlt,9.0,0,0.000
0383,1CA5DFlt,10.0,0,0.000
0383,1ClFlat,3.0,0,0.000
0383,1ClFlat,4.0,0,0.000
0383,1ClFlat,5.0,0,0.000
0383,1ClFlat,6.0,0,0.000
0383,1ClFlat,8.0,0,0.000
0383,1CMAADCL,0.0,0,0.000
0383,1CMAADCL,1.0,0,0.000
0383,1CNAPres,1.0,33,22.638
0383,1CSPiece,1.0,0,0.000
0383,OtherCls,1120.0,0,0.000
0088,1CA5DFlt,1.0,0,0.000
0088,1CA5DFlt,2.0,15,18.600
0088,1CA5DFlt,3.0,18,27.180
0088,1CA5DFlt,4.0,14,24.920
0088,1CA5DFlt,5.0,2,4.120
0088,1CA5DFlt,6.0,2,4.680
0088,1CA5DFlt,7.0,3,7.860
0088,1CA5DFlt,8.0,2,5.800
0088,1CA5DFlt,9.0,1,3.180
0088,1CA5DFlt,11.0,3,11.340
0088,1ClFlat,1.0,0,0.000
0088,1ClFlat,2.0,0,0.000
0088,1ClFlat,3.0,1,2.170
0088,1ClFlat,4.0,0,0.000
0088,1ClFlat,5.0,0,0.000
0088,1ClFlat,6.0,0,0.000
0088,1ClFlat,7.0,0,0.000
0088,1ClFlat,8.0,0,0.000
0088,1ClFlat,9.0,0,0.000
0088,1ClFlat,10.0,0,0.000
0088,1ClFlat,11.0,0,0.000
0088,1ClFlat,12.0,0,0.000
0088,1ClFlat,13.0,0,0.000
0088,1CMAADCL,1.0,0,0.000
0088,1CMAADCL,2.0,0,0.000
0088,1CSPiece,1.0,13,9.620
0088,1CSPiece,2.0,8,8.240
0088,1CSPiece,3.0,0,0.000
0088,Int1stLt,1.0,0,0.000
0088,OtherCls,1120.0,0,0.000
0086,NOCLASS,0.0,0,0.000
0440,NOCLASS,0.0,0,0.000
5179,NOCLASS,0.0,0,0.000
5179,1ClFlat,4.0,0,0.000
5179,1CMAADCL,1.0,6,4.032
5179,1CMAADCL,2.0,0,0.000
5179,1CSPiece,1.0,0,0.000
5179,1CSPiece,2.0,0,0.000
5237,NOCLASS,0.0,0,0.000
5747,NOCLASS,0.0,0,0.000
5239,1ClFlat,4.0,0,0.000
5239,1CNAPres,1.0,0,0.000
5239,1CSPiece,1.0,0,0.000
5239,Int1stFl,15.0,0,0.000
5239,Int1stS,7.0,0,0.000
5239,Int1stS,12.0,0,0.000
5239,Int1stS,20.0,0,0.000
5239,Int1stS,28.0,0,0.000
5239,Int1stS,36.0,0,0.000
5239,Int1stS,44.0,0,0.000
5239,Int1stS,60.0,0,0.000
5239,OtherCls,1120.0,0,0.000
5239,PkgSLiSP,16.0,0,0.000
5239,PkgSLiSP,32.0,0,0.000
5239,PkgSLiSP,48.0,0,0.000
5239,PkgSLiSP,64.0,0,0.000
5239,PkgSLiSP,80.0,0,0.000
5239,PkgSLiSP,112.0,0,0.000
0111,NOCLASS,0.0,0,0.000
0174,NOCLASS,0.0,0,0.000
5240,1ClFlat,2.0,0,0.000
5240,1ClFlat,3.0,0,0.000
5240,1ClFlat,5.0,0,0.000
5240,1CSPiece,1.0,0,0.000
0703,NOCLASS,0.0,0,0.000
0703,1CSPiece,1.0,0,0.000
0703,OtherCls,1120.0,0,0.000
0387,1CSPiece,1.0,0,0.000
0387,1CSPiece,2.0,0,0.000
0387,OtherCls,1120.0,0,0.000
5182,OtherCls,1120.0,0,0.000
5175,1CAAADCL,1.0,161,103.201
5175,1CAAADCL,2.0,0,0.000
5175,1CAAADCL,3.0,0,0.000
5175,1ClFlat,1.0,0,0.000
5175,1ClFlat,2.0,0,0.000
5175,1ClFlat,3.0,0,0.000
5175,1ClFlat,4.0,0,0.000
5175,1ClFlat,5.0,0,0.000
5175,1CNAPres,1.0,0,0.000
5175,1CSPiece,1.0,0,0.000
5175,1CSPiece,2.0,0,0.000
5175,1CSPiece,3.0,0,0.000
5175,Int1stLt,1.0,0,0.000
5175,OtherCls,1120.0,0,0.000
5021,1ClFlat,2.0,0,0.000
5017,1CA5DFlt,1.0,0,0.000
5017,1CA5DFlt,2.0,0,0.000
5017,1CA5DFlt,3.0,0,0.000
5017,1CA5DFlt,4.0,0,0.000
5017,1CA5DFlt,5.0,0,0.000
5017,1CA5DFlt,6.0,0,0.000
5017,1CA5DFlt,7.0,0,0.000
5017,1CA5DFlt,8.0,0,0.000
5017,1CA5DFlt,9.0,0,0.000
5017,1CA5DFlt,10.0,0,0.000
5017,1ClFlat,3.0,0,0.000
5017,1ClFlat,5.0,0,0.000
5017,1ClFlat,6.0,0,0.000
5017,1ClFlat,7.0,0,0.000
5006,NOCLASS,0.0,0,0.000
5006,NOCLASS,4.0,0,0.000
5006,NOCLASS,12.0,0,0.000
5006,NOCLASS,16.0,0,0.000
5006,1ClFlat,1.0,0,0.000
5006,1ClFlat,2.0,0,0.000
5006,1ClFlat,3.0,0,0.000
5006,1ClFlat,4.0,2,4.880
5006,1ClFlat,5.0,6,16.320
5006,1ClFlat,6.0,1,3.000
5006,1ClFlat,7.0,0,0.000
5006,1ClFlat,8.0,0,0.000
5006,1ClFlat,9.0,0,0.000
5006,1ClFlat,10.0,0,0.000
5006,1ClFlat,11.0,0,0.000
5006,1ClFlat,12.0,0,0.000
5006,1CNAPres,1.0,292,200.312
5006,1CNAPres,2.0,0,0.000
5006,1CSPiece,1.0,5,13.400
5006,1CSPiece,2.0,0,0.000
5006,1CSPiece,3.0,0,0.000
5006,1CSPiece,3.0,0,0.000
5006,OtherCls,1120.0,1,1.014
5165,NOCLASS,0.0,0,0.000
5165,1CAAADCL,1.0,1397,895.477
5165,1CSPiece,1.0,0,0.000
5350,NOCLASS,0.0,0,0.000
5350,NOCLASS,4.0,0,0.000
5350,NOCLASS,16.0,0,0.000
5350,1ClFlat,1.0,0,0.000
5350,1ClFlat,2.0,0,0.000
5350,1ClFlat,3.0,0,0.000
5350,1ClFlat,4.0,0,0.000
5350,1ClFlat,5.0,0,0.000
5350,1ClFlat,6.0,0,0.000
5350,1ClFlat,7.0,0,0.000
5350,1ClFlat,8.0,0,0.000
5350,1ClFlat,10.0,0,0.000
5350,1CNAPres,1.0,120,82.320
5350,1CNAPres,2.0,0,0.000
5350,1CSPiece,1.0,2,20.880
5350,1CSPiece,2.0,0,0.000
5350,1CSPiece,3.0,0,0.000
5350,1stClNMLtr,1.0,0,0.000
5350,OtherCls,1120.0,0,0.000
5350,PkgSRetG,48.0,0,0.000
5350,Priority,16.0,0,0.000
5352,NOCLASS,0.0,0,0.000
5352,NOCLASS,4.0,0,0.000
5352,1CA5DFlt,2.0,0,0.000
5352,1CA5DFlt,3.0,0,0.000
5352,1CA5DFlt,4.0,0,0.000
5352,1CA5DFlt,5.0,0,0.000
5352,1CA5DFlt,6.0,0,0.000
5352,1CA5DFlt,7.0,0,0.000
5352,1ClFlat,1.0,0,0.000
5352,1ClFlat,2.0,0,0.000
5352,1ClFlat,3.0,0,0.000
5352,1ClFlat,4.0,0,0.000
5352,1ClFlat,5.0,0,0.000
5352,1ClFlat,6.0,0,0.000
5352,1ClFlat,7.0,0,0.000
5352,1ClFlat,8.0,0,0.000
5352,1ClFlat,9.0,0,0.000
5352,1ClFlat,10.0,0,0.000
5352,1ClFlat,11.0,0,0.000
5352,1ClFlat,12.0,0,0.000
5352,1CNAPres,1.0,41,28.126
5352,1CNAPres,2.0,0,0.000
5352,1CNAPres,3.0,0,0.000
5352,1CSPiece,1.0,1,0.740
5352,1CSPiece,2.0,1,1.030
5352,1CSPiece,3.0,0,0.000
5352,1CSPiece,3.0,0,0.000
5352,1stClNMLtr,2.0,0,0.000
5352,OtherCls,1120.0,4,0.180
5352,PkgSRetG,32.0,0,0.000
5356,1ClFlat,9.0,0,0.000
5356,1CNAPres,1.0,0,0.000
5356,1CNAPres,2.0,0,0.000
5356,1stClNMLtr,2.0,0,0.000
5356,PkgSRetG,32.0,0,0.000
5357,1CSPiece,1.0,0,0.000
5359,1ClFlat,4.0,0,0.000
5359,1CNAPres,1.0,0,0.000
5364,1ClFlat,2.0,0,0.000
5364,1ClFlat,4.0,0,0.000
5364,1CNAPres,1.0,0,0.000
5364,1CSPiece,1.0,0,0.000
5365,1CNAPres,1.0,0,0.000
5366,1CNAPres,1.0,0,0.000
5374,1CNAPres,1.0,0,0.000
5375,1ClFlat,6.0,0,0.000
5375,1ClFlat,7.0,0,0.000
5375,1ClFlat,8.0,0,0.000
5375,1CNAPres,1.0,0,0.000
5375,1CNAPres,2.0,0,0.000
5376,1CNAPres,1.0,0,0.000
5377,1ClFlat,8.0,0,0.000
5377,1CNAPres,1.0,0,0.000
5377,1CNAPres,2.0,0,0.000
5377,1CSPiece,1.0,0,0.000
5378,NOCLASS,4.0,0,0.000
5378,1ClFlat,2.0,0,0.000
5378,1ClFlat,3.0,0,0.000
5378,1ClFlat,4.0,0,0.000
5378,1ClFlat,5.0,0,0.000
5378,1CNAPres,1.0,31,21.266
5378,1CNAPres,2.0,0,0.000
5378,1CSPiece,1.0,0,0.000
5378,1CSPiece,2.0,0,0.000
5378,OtherCls,1120.0,0,0.000
5381,1CNAPres,1.0,0,0.000
5385,1CA5DFlt,2.0,0,0.000
5385,1CA5DFlt,3.0,0,0.000
5385,1CA5DFlt,4.0,0,0.000
5385,1CA5DFlt,5.0,0,0.000
5385,1CA5DFlt,6.0,0,0.000
5385,1CA5DFlt,7.0,0,0.000
5385,1CA5DFlt,8.0,0,0.000
5385,1CA5DFlt,9.0,0,0.000
5385,1CA5DFlt,10.0,0,0.000
5385,1CA5DFlt,11.0,0,0.000
5385,1CAAADCL,1.0,0,0.000
5385,1ClFlat,2.0,0,0.000
5385,1ClFlat,10.0,0,0.000
5385,1ClFlat,11.0,0,0.000
5385,1ClFlat,12.0,0,0.000
5385,1ClFlat,13.0,0,0.000
5386,1ClFlat,1.0,1,1.630
5386,1ClFlat,2.0,0,0.000
5386,1ClFlat,3.0,0,0.000
5386,1ClFlat,4.0,0,0.000
5386,1ClFlat,5.0,0,0.000
5386,1ClFlat,6.0,0,0.000
5386,1ClFlat,9.0,0,0.000
5386,1ClFlat,10.0,0,0.000
5386,1CNAPres,1.0,1,0.686
5386,1CNAPres,2.0,0,0.000
5386,1CSPiece,1.0,0,0.000
5387,1CNAPres,1.0,0,0.000
5387,1CSPiece,1.0,482,350.310
5387,1CSPiece,2.0,0,0.000
5387,PkgSRetG,32.0,2,21.300
5388,1ClFlat,7.0,1,3.280
5388,1CNAPres,1.0,0,0.000
5388,1CNAPres,2.0,0,0.000
5388,1CSPiece,1.0,0,0.000
5388,1CSPiece,2.0,0,0.000
5389,NOCLASS,0.0,0,0.000
5389,NOCLASS,16.0,0,0.000
5389,1ClFlat,2.0,0,0.000
5389,1ClFlat,3.0,0,0.000
5389,1ClFlat,4.0,0,0.000
5389,1ClFlat,5.0,0,0.000
5389,1ClFlat,7.0,0,0.000
5389,1ClFlat,8.0,0,0.000
5389,1ClFlat,9.0,0,0.000
5389,1CNAPres,1.0,39,26.754
5389,1CSPiece,1.0,0,0.000
5389,PkgSRetG,32.0,0,0.000
5389,PkgSRetG,48.0,0,0.000
5390,1CNAPres,1.0,0,0.000
5390,NOCLASS,0.0,0,0.000
0730,NOCLASS,0.0,0,0.000
0730,NOCLASS,16.0,0,0.000
0730,1CA5DFlt,3.0,0,0.000
0730,1CA5DFlt,4.0,0,0.000
0730,1ClFlat,1.0,0,0.000
0730,1ClFlat,2.0,0,0.000
0730,1ClFlat,3.0,0,0.000
0730,1ClFlat,6.0,0,0.000
0730,1ClFlat,7.0,0,0.000
0730,1ClFlat,8.0,0,0.000
0730,1CMAADCL,0.0,0,0.000
0730,1CMAADCL,1.0,0,0.000
0730,1CMAADCL,2.0,0,0.000
0730,1CSPiece,1.0,0,0.000
0730,1CSPiece,2.0,0,0.000
0730,1CSPiece,3.0,0,0.000
0730,Int1stLt,1.0,3,5.100
0730,OtherCls,1120.0,0,0.000
5349,1CA5DFlt,2.0,0,0.000
5349,1CA5DFlt,3.0,0,0.000
5349,1CA5DFlt,4.0,0,0.000
5349,1CA5DFlt,7.0,0,0.000
5349,1ClFlat,3.0,0,0.000
5349,1CMAADCL,1.0,0,0.000
5349,1CMAADCL,2.0,0,0.000
5473,1CMAADCL,1.0,0,0.000
5476,1ClFlat,1.0,0,0.000
5476,1ClFlat,3.0,0,0.000
5476,1ClFlat,4.0,0,0.000
5476,1CMAADCL,1.0,0,0.000
5476,1CSPiece,1.0,2,1.480
5476,1CSPiece,3.0,0,0.000
5479,1CSPiece,1.0,0,0.000
5483,1ClFlat,1.0,0,0.000
5483,1ClFlat,2.0,1,1.900
5483,1ClFlat,3.0,0,0.000
5483,1ClFlat,4.0,0,0.000
5483,1ClFlat,5.0,0,0.000
5483,1ClFlat,6.0,1,3.000
5483,1ClFlat,7.0,0,0.000
5483,1ClFlat,8.0,0,0.000
5483,1ClFlat,10.0,0,0.000
5483,1ClFlat,11.0,0,0.000
5483,1ClFlat,12.0,0,0.000
5483,1CMAADCL,1.0,0,0.000
5483,1CSPiece,1.0,0,0.000
5393,NOCLASS,0.0,0,0.000
5393,NOCLASS,4.0,0,0.000
5393,NOCLASS,16.0,0,0.000
5393,1ClFlat,1.0,3,4.890
5393,1ClFlat,2.0,8,44.300
5393,1ClFlat,3.0,3,6.510
5393,1ClFlat,4.0,2,4.880
5393,1ClFlat,5.0,2,5.440
5393,1ClFlat,6.0,0,0.000
5393,1ClFlat,7.0,2,6.560
5393,1ClFlat,8.0,0,0.000
5393,1ClFlat,9.0,0,0.000
5393,1ClFlat,10.0,0,0.000
5393,1ClFlat,11.0,0,0.000
5393,1ClFlat,12.0,1,4.740
5393,1ClFlat,13.0,0,0.000
5393,1CNAPres,1.0,354,242.844
5393,1CNAPres,2.0,0,0.000
5393,1CNAPres,3.0,0,0.000
5393,1CSPiece,1.0,4,41.760
5393,1CSPiece,2.0,4,13.820
5393,1CSPiece,3.0,1,1.610
5393,1CSPiece,3.0,1,1.610
5393,1stClNMLtr,2.0,0,0.000
5393,OtherCls,1120.0,0,0.000
5393,PkgSRetG,32.0,0,0.000
5393,PkgSRetG,48.0,0,0.000
5393,Priority,32.0,0,0.000
5346,NOCLASS,0.0,0,0.000
5346,1CA5DFlt,3.0,0,0.000
5346,1CA5DFlt,4.0,0,0.000
5346,1ClFlat,4.0,0,0.000
5346,1ClFlat,5.0,0,0.000
5346,Int1stLt,1.0,0,0.000
0756,1ClFlat,2.0,1,1.900
0756,1CSPiece,1.0,0,0.000
0756,OtherCls,1120.0,0,0.000
5453,1CMAADCL,1.0,0,0.000
5453,1CSPiece,1.0,0,0.000
5455,1ClFlat,3.0,0,0.000
5455,1ClFlat,4.0,0,0.000
5455,1CMAADCL,1.0,0,0.000
5455,1CMAADCL,2.0,0,0.000
5455,1CSPiece,1.0,0,0.000
5456,1CMAADCL,1.0,0,0.000
5456,1CSPiece,1.0,0,0.000
5458,1CMAADCL,1.0,0,0.000
5458,1CSPiece,1.0,0,0.000
5460,1ClFlat,3.0,0,0.000
5468,1CNAPres,1.0,0,0.000
4500,1ClFlat,1.0,0,0.000
4500,1ClFlat,2.0,0,0.000
4500,1ClFlat,3.0,0,0.000
4500,1ClFlat,4.0,0,0.000
4500,1ClFlat,6.0,0,0.000
4500,1ClFlat,8.0,0,0.000
4500,1ClFlat,9.0,0,0.000
4500,1CMAADCL,1.0,0,0.000
4500,1CMAADCL,2.0,15,10.080
4500,1CNAPres,1.0,0,0.000
4500,1CSPiece,1.0,0,0.000
4500,1CSPiece,2.0,0,0.000
4503,1CSPiece,1.0,0,0.000
4504,1CMAADCL,1.0,0,0.000
4504,1CSPiece,1.0,2,19.580
4504,1CSPiece,2.0,0,0.000
4504,OtherCls,1120.0,0,0.000
4507,1CMAADCL,1.0,1,0.672
4511,1ClFlat,1.0,0,0.000
4511,1CMAADCL,1.0,0,0.000
4511,1CSPiece,1.0,0,0.000
4512,1ClFlat,6.0,0,0.000
4513,1ClFlat,3.0,0,0.000
4514,1ClFlat,6.0,0,0.000
4514,1ClFlat,8.0,0,0.000
4514,1ClFlat,10.0,0,0.000
4514,1CMAADCL,1.0,0,0.000
4514,1CMAADCL,2.0,2,1.344
4514,1CMAADCL,3.0,0,0.000
4514,1CSPiece,1.0,0,0.000
4514,1CSPiece,2.0,0,0.000
4514,1CSPiece,3.0,0,0.000
4514,Int1stLt,1.0,0,0.000
4514,OtherCls,1120.0,0,0.000
4515,1ClFlat,4.0,0,0.000
4515,1CMAADCL,1.0,0,0.000
4516,1ClFlat,2.0,0,0.000
4516,1ClFlat,4.0,0,0.000
4516,1ClFlat,12.0,0,0.000
4516,1CMAADCL,1.0,4,2.688
4516,1CMAADCL,2.0,0,0.000
4516,1CSPiece,1.0,0,0.000
4516,1CSPiece,2.0,0,0.000
4516,OtherCls,1120.0,0,0.000
4517,1CA5DFlt,2.0,0,0.000
4517,1ClFlat,2.0,0,0.000
4517,1ClFlat,3.0,0,0.000
4517,1ClFlat,4.0,0,0.000
4517,1CMAADCL,1.0,0,0.000
4517,1CMAADCL,2.0,0,0.000
4517,1CMAADCL,3.0,0,0.000
4517,1CSPiece,1.0,0,0.000
4517,1CSPiece,2.0,0,0.000
4517,1CSPiece,3.0,0,0.000
4519,1ClFlat,2.0,0,0.000
4519,1CMAADCL,1.0,0,0.000
4523,1CA5DFlt,3.0,3,4.530
4523,1CA5DFlt,4.0,1,1.780
4523,1ClFlat,2.0,0,0.000
4523,1ClFlat,3.0,0,0.000
4523,1ClFlat,4.0,0,0.000
4523,1ClFlat,5.0,0,0.000
4523,1ClFlat,6.0,0,0.000
4523,1ClFlat,8.0,0,0.000
4523,1ClFlat,9.0,1,3.840
4523,1ClFlat,10.0,0,0.000
4523,1ClFlat,11.0,1,4.440
4523,1ClFlat,12.0,0,0.000
4523,1ClFlat,13.0,0,0.000
4523,1CMAADCL,1.0,96,64.512
4523,1CMAADCL,2.0,0,0.000
4523,1CSPiece,1.0,0,0.000
4523,1CSPiece,2.0,0,0.000
4523,OtherCls,1120.0,0,0.000
4523,Priority,16.0,0,0.000
4524,1ClFlat,2.0,0,0.000
4524,1ClFlat,3.0,0,0.000
4524,1ClFlat,4.0,0,0.000
4524,1ClFlat,5.0,0,0.000
4524,1ClFlat,6.0,0,0.000
4524,1ClFlat,7.0,0,0.000
4524,1ClFlat,8.0,0,0.000
4524,1ClFlat,9.0,0,0.000
4524,1ClFlat,10.0,0,0.000
4524,1ClFlat,12.0,0,0.000
4524,1ClFlat,13.0,0,0.000
4524,1CMAADCL,1.0,21,14.112
4524,1CMAADCL,2.0,0,0.000
4524,1CSPiece,1.0,0,0.000
4524,OtherCls,1120.0,0,0.000
4525,1CMAADCL,1.0,0,0.000
4525,1CMAADCL,2.0,0,0.000
4526,1CMAADCL,1.0,0,0.000
4527,1ClFlat,2.0,0,0.000
4527,1CMAADCL,1.0,0,0.000
4527,1CSPiece,1.0,0,0.000
4530,1CA5DFlt,4.0,0,0.000
4530,1CA5DFlt,5.0,0,0.000
4530,1ClFlat,2.0,0,0.000
4530,1ClFlat,3.0,0,0.000
4530,1ClFlat,4.0,0,0.000
4530,1CMAADCL,1.0,0,0.000
4530,1CSPiece,1.0,0,0.000
4530,1stClNMLtr,1.0,0,0.000
4530,Int1stFl,3.0,0,0.000
4532,1ClFlat,1.0,0,0.000
4532,1ClFlat,2.0,0,0.000
4532,1ClFlat,3.0,0,0.000
4532,1ClFlat,8.0,0,0.000
4532,1CMAADCL,1.0,0,0.000
4533,1ClFlat,3.0,0,0.000
4533,1CMAADCL,1.0,0,0.000
4533,1CSPiece,1.0,0,0.000
4539,1ClFlat,2.0,0,0.000
4539,1ClFlat,3.0,0,0.000
4539,1ClFlat,4.0,0,0.000
4539,1ClFlat,5.0,0,0.000
4539,1ClFlat,6.0,0,0.000
4539,1CMAADCL,1.0,0,0.000
4539,1CSPiece,1.0,0,0.000
4539,1CSPiece,2.0,0,0.000
4539,OtherCls,1120.0,0,0.000
4558,1ClFlat,1.0,0,0.000
4558,1ClFlat,2.0,0,0.000
4558,1ClFlat,4.0,0,0.000
4558,1ClFlat,7.0,0,0.000
4558,1CMAADCL,1.0,22,14.784
4558,1CMAADCL,2.0,0,0.000
4558,1CSPiece,1.0,0,0.000
4558,1CSPiece,2.0,0,0.000
4560,1ClFlat,5.0,0,0.000
4560,1ClFlat,8.0,0,0.000
4560,1CMAADCL,1.0,0,0.000
4560,1CMAADCL,2.0,0,0.000
4565,1ClFlat,2.0,0,0.000
4565,1ClFlat,3.0,0,0.000
4565,1ClFlat,5.0,0,0.000
4565,1CMAADCL,1.0,0,0.000
4565,1CMAADCL,2.0,0,0.000
4565,1CSPiece,1.0,0,0.000
4565,1CSPiece,2.0,2,2.060
4565,OtherCls,1120.0,1,0.358
4565,Priority,16.0,0,0.000
4567,1CA5DFlt,1.0,0,0.000
4567,1CA5DFlt,2.0,0,0.000
4567,1CA5DFlt,3.0,0,0.000
4567,1CA5DFlt,5.0,0,0.000
4567,1ClFlat,2.0,0,0.000
4567,1ClFlat,3.0,0,0.000
4567,1ClFlat,4.0,0,0.000
4567,1ClFlat,5.0,0,0.000
4567,1ClFlat,6.0,0,0.000
4567,1ClFlat,7.0,0,0.000
4567,1CMAADCL,1.0,8,5.376
4567,1CMAADCL,2.0,10,6.720
4567,1CMAADCL,3.0,0,0.000
4567,1CSPiece,1.0,0,0.000
4567,1CSPiece,2.0,0,0.000
4567,Priority,16.0,0,0.000
4582,1ClFlat,3.0,0,0.000
4582,1ClFlat,8.0,0,0.000
4582,1ClFlat,9.0,0,0.000
4582,1ClFlat,10.0,0,0.000
4582,1ClFlat,11.0,0,0.000
4582,1ClFlat,12.0,0,0.000
4582,1ClFlat,13.0,0,0.000
4582,1CMAADCL,1.0,0,0.000
4582,1CMAADCL,2.0,0,0.000
4582,1CSPiece,1.0,0,0.000
4582,1CSPiece,2.0,0,0.000
4590,NOCLASS,0.0,0,0.000
4590,1CA5DFlt,1.0,0,0.000
4590,1CA5DFlt,2.0,0,0.000
4590,1CA5DFlt,3.0,0,0.000
4590,1CA5DFlt,4.0,0,0.000
4590,1CA5DFlt,5.0,0,0.000
4590,1CA5DFlt,6.0,0,0.000
4590,1CA5DFlt,8.0,0,0.000
4590,1ClFlat,1.0,0,0.000
4590,1ClFlat,2.0,1,11.600
4590,1ClFlat,3.0,0,0.000
4590,1ClFlat,5.0,0,0.000
4590,1ClFlat,11.0,0,0.000
4590,1CMAADCL,1.0,18,12.096
4590,1CMAADCL,2.0,0,0.000
4590,1CSPiece,1.0,0,0.000
4590,1CSPiece,2.0,0,0.000
4590,Priority,240.0,0,0.000
4591,1CA5DFlt,2.0,0,0.000
4591,1ClFlat,2.0,0,0.000
4591,1ClFlat,5.0,0,0.000
4591,1CMAADCL,1.0,2,1.344
4591,1CSPiece,1.0,0,0.000
4606,NOCLASS,0.0,0,0.000
4606,1CMAADCL,1.0,10,6.720
4606,1CMAADCL,2.0,0,0.000
4606,1CSPiece,1.0,0,0.000
4606,1CSPiece,2.0,0,0.000
4626,1ClFlat,2.0,0,0.000
4626,1CMAADCL,1.0,0,0.000
4629,1CMAADCL,1.0,0,0.000
4629,1CMAADCL,2.0,0,0.000
4629,1CSPiece,3.0,0,0.000
0729,1CNAPres,1.0,37,25.382
0729,1CNAPres,2.0,0,0.000
0729,1CSPiece,1.0,0,0.000
0729,OtherCls,1120.0,0,0.000
4641,1CA5DFlt,2.0,13,16.120
4641,1CA5DFlt,3.0,0,0.000
4641,1CA5DFlt,4.0,0,0.000
4641,1CA5DFlt,5.0,0,0.000
4641,1ClFlat,2.0,0,0.000
4641,1ClFlat,3.0,0,0.000
4641,1ClFlat,4.0,0,0.000
4641,1ClFlat,5.0,0,0.000
4641,1ClFlat,7.0,0,0.000
4641,1ClFlat,10.0,0,0.000
4641,1CMAADCL,1.0,107,71.904
4641,1CMAADCL,2.0,0,0.000
4641,1CSPiece,1.0,0,0.000
4647,1CMAADCL,1.0,0,0.000
4647,1CSPiece,2.0,0,0.000
4649,1CA5DFlt,1.0,0,0.000
4649,1CA5DFlt,2.0,0,0.000
4649,1CA5DFlt,3.0,0,0.000
4649,1CA5DFlt,4.0,0,0.000
4649,1ClFlat,1.0,0,0.000
4649,1ClFlat,2.0,0,0.000
4649,1ClFlat,3.0,0,0.000
4649,1ClFlat,4.0,0,0.000
4649,1ClFlat,6.0,0,0.000
4649,1CMAADCL,1.0,34,22.848
4649,1CMAADCL,2.0,0,0.000
4649,1CSPiece,2.0,0,0.000
4649,Int1stFl,1.0,0,0.000
4649,Int1stFl,2.0,0,0.000
4649,Int1stFl,3.0,0,0.000
4651,1ClFlat,2.0,0,0.000
4651,1ClFlat,3.0,0,0.000
4651,1ClFlat,4.0,0,0.000
4651,1CMAADCL,1.0,5,3.360
4651,1CSPiece,1.0,0,0.000
4651,1CSPiece,2.0,0,0.000
4655,1CMAADCL,1.0,26,17.472
4655,1CSPiece,1.0,0,0.000
4659,1ClFlat,2.0,0,0.000
4659,1ClFlat,3.0,0,0.000
4659,1ClFlat,4.0,0,0.000
4659,1ClFlat,5.0,0,0.000
4659,1ClFlat,7.0,0,0.000
4659,1ClFlat,8.0,0,0.000
4659,1CMAADCL,1.0,353,237.216
4659,1CMAADCL,2.0,0,0.000
4659,1CMAADCL,3.0,0,0.000
4659,1CSPiece,1.0,0,0.000
4659,1CSPiece,2.0,0,0.000
4659,1CSPiece,3.0,0,0.000
4659,OtherCls,1120.0,0,0.000
4659,PkgSRetG,48.0,0,0.000
4663,1CA5DFlt,3.0,0,0.000
4663,1CMAADCL,1.0,0,0.000
4663,1CSPiece,1.0,0,0.000
4682,1ClFlat,2.0,0,0.000
4682,1ClFlat,4.0,0,0.000
4682,1CMAADCL,1.0,0,0.000
4682,1CSPiece,1.0,0,0.000
4682,1CSPiece,2.0,0,0.000
4684,1ClFlat,3.0,0,0.000
4684,1ClFlat,4.0,0,0.000
4684,1ClFlat,5.0,0,0.000
4684,1ClFlat,7.0,0,0.000
3000,1CA5DFlt,1.0,0,0.000
3000,1CA5DFlt,2.0,1,1.240
3000,1CA5DFlt,3.0,1,1.510
3000,1CA5DFlt,4.0,0,0.000
3000,1CA5DFlt,5.0,0,0.000
3000,1CA5DFlt,6.0,0,0.000
3000,1CA5DFlt,7.0,0,0.000
3000,1CA5DFlt,9.0,0,0.000
3000,1CA5DFlt,11.0,0,0.000
3000,1CA5DFlt,13.0,0,0.000
3000,1ClFlat,1.0,0,0.000
3000,1ClFlat,2.0,0,0.000
3000,1ClFlat,3.0,0,0.000
3000,1ClFlat,4.0,0,0.000
3000,1ClFlat,5.0,0,0.000
3000,1ClFlat,6.0,0,0.000
3000,1ClFlat,7.0,0,0.000
3000,1ClFlat,8.0,0,0.000
3000,1ClFlat,9.0,0,0.000
3000,1ClFlat,10.0,0,0.000
3000,1ClFlat,13.0,0,0.000
0833,OtherCls,1120.0,1,1.014
0840,NOCLASS,0.0,0,0.000
0840,1ClFlat,1.0,0,0.000
0840,Int1stFl,1.0,0,0.000
0839,NOCLASS,4.0,0,0.000
0839,NOCLASS,8.0,0,0.000
0839,NOCLASS,16.0,0,0.000
0839,1CA5DFlt,2.0,0,0.000
0839,1CA5DFlt,3.0,0,0.000
0839,1CAAADCL,1.0,299,191.659
0839,1CAAADCL,2.0,53,33.973
0839,1ClFlat,1.0,0,0.000
0839,1ClFlat,2.0,8,15.200
0839,1ClFlat,3.0,2,4.340
0839,1ClFlat,4.0,1,2.440
0839,1ClFlat,5.0,1,2.720
0839,1ClFlat,6.0,0,0.000
0839,1ClFlat,7.0,0,0.000
0839,1ClFlat,8.0,0,0.000
0839,1ClFlat,9.0,0,0.000
0839,1ClFlat,10.0,1,4.140
0839,1ClFlat,11.0,0,0.000
0839,1ClFlat,12.0,0,0.000
0839,1ClFlat,13.0,0,0.000
0839,1CMAADCL,1.0,0,0.000
0839,1CNAPres,1.0,0,0.000
0839,1CSPiece,1.0,0,0.000
0839,1CSPiece,2.0,1,10.730
0839,1CSPiece,3.0,0,0.000
0839,1CSPiece,3.0,0,0.000
0839,1stClNMLtr,1.0,0,0.000
0839,1stClNMLtr,2.0,0,0.000
0839,1stClNMLtr,3.0,0,0.000
0839,1stClNMLtr,3.0,0,0.000
0839,OtherCls,1120.0,0,0.000
0839,PkgSRetG,32.0,0,0.000
0839,Priority,16.0,0,0.000
4690,1CMAADCL,1.0,1,0.672
4690,1CMAADCL,2.0,0,0.000
4690,1stClNMLtr,3.0,0,0.000
0848,NOCLASS,0.0,0,0.000
0848,NOCLASS,16.0,0,0.000
0848,1CA5DFlt,2.0,0,0.000
0848,1CA5DFlt,3.0,0,0.000
0848,1CA5DFlt,4.0,0,0.000
0848,1CA5DFlt,5.0,0,0.000
0848,1CA5DFlt,6.0,0,0.000
0848,1CA5DFlt,7.0,0,0.000
0848,1CA5DFlt,8.0,0,0.000
0848,1CA5DFlt,9.0,0,0.000
0848,1CA5DFlt,10.0,0,0.000
0848,1CA5DFlt,11.0,0,0.000
0848,1ClFlat,9.0,0,0.000
0848,1ClFlat,10.0,0,0.000
0848,1ClFlat,11.0,0,0.000
0848,1ClFlat,12.0,0,0.000
0848,Int1stLt,1.0,0,0.000
0848,PkgSRetG,32.0,0,0.000
6220,1ClFlat,4.0,0,0.000
6220,1ClFlat,5.0,0,0.000
6220,1ClFlat,6.0,0,0.000
4695,1CMAADCL,1.0,10,6.720
4695,1CSPiece,1.0,0,0.000
5341,1CSPiece,1.0,0,0.000
0903,Int1stLt,1.0,0,0.000
0904,Int1stLt,1.0,0,0.000
0909,NOCLASS,0.0,0,0.000
4704,1CMAADCL,1.0,7,4.704
4704,1CSPiece,1.0,0,0.000
4704,1CSPiece,2.0,0,0.000
4711,1CMAADCL,1.0,0,0.000
4711,1CSPiece,1.0,0,0.000
4720,1ClFlat,2.0,0,0.000
4720,1ClFlat,3.0,0,0.000
4720,1ClFlat,4.0,0,0.000
4720,1ClFlat,5.0,0,0.000
4720,1ClFlat,6.0,0,0.000
4720,1CSPiece,1.0,0,0.000
0920,Int1stLt,1.0,0,0.000
0919,Int1stLt,1.0,0,0.000
4732,1CMAADCL,1.0,0,0.000
4732,1CMAADCL,2.0,0,0.000
4732,1CSPiece,1.0,0,0.000
4739,1CMAADCL,1.0,0,0.000
0932,NOCLASS,0.0,0,0.000
0938,NOCLASS,0.0,0,0.000
0938,1CA5DFlt,2.0,0,0.000
0938,1CA5DFlt,3.0,0,0.000
0938,1CA5DFlt,4.0,0,0.000
0938,1CAAADCL,1.0,31,19.871
0938,1CAAADCL,3.0,0,0.000
0938,1ClFlat,2.0,0,0.000
0938,1ClFlat,3.0,0,0.000
0938,1ClFlat,4.0,0,0.000
0938,1ClFlat,5.0,0,0.000
0938,1ClFlat,6.0,0,0.000
0938,1ClFlat,8.0,0,0.000
0938,1ClFlat,10.0,0,0.000
0938,1ClFlat,11.0,0,0.000
0938,1CNAPres,1.0,0,0.000
0938,1CSPiece,1.0,0,0.000
0938,OtherCls,1120.0,0,0.000
0938,PkgSRetG,32.0,0,0.000
0939,1CSPiece,1.0,0,0.000
0939,1CSPiece,2.0,0,0.000
0939,OtherCls,1120.0,0,0.000
4755,1CMAADCL,1.0,0,0.000
4756,1CMAADCL,1.0,0,0.000
4756,1CSPiece,1.0,0,0.000
4764,1CMAADCL,1.0,0,0.000
0959,Int1stLt,1.0,0,0.000
0967,NOCLASS,0.0,0,0.000
0967,1CSPiece,1.0,0,0.000
0969,NOCLASS,0.0,0,0.000
0969,NOCLASS,16.0,0,0.000
0969,1CA5DFlt,2.0,0,0.000
0969,1CA5DFlt,3.0,4,6.040
0969,1CA5DFlt,4.0,3,5.340
0969,1CA5DFlt,5.0,2,4.120
0969,1CA5DFlt,6.0,0,0.000
0969,1CA5DFlt,7.0,1,2.620
0969,1CA5DFlt,8.0,2,5.800
0969,1CA5DFlt,9.0,1,3.180
0969,1CA5DFlt,10.0,0,0.000
0969,1CA5DFlt,11.0,0,0.000
0969,1CA5DFlt,12.0,0,0.000
0969,1CA5DFlt,13.0,0,0.000
0969,1ClFlat,2.0,0,0.000
0969,1ClFlat,3.0,0,0.000
0969,1ClFlat,4.0,0,0.000
0969,1ClFlat,5.0,0,0.000
0969,1ClFlat,6.0,0,0.000
0969,1ClFlat,7.0,0,0.000
0969,1ClFlat,8.0,0,0.000
0969,1ClFlat,9.0,0,0.000
0969,1ClFlat,10.0,0,0.000
0969,1ClFlat,11.0,0,0.000
0969,1ClFlat,12.0,0,0.000
0969,1ClFlat,13.0,0,0.000
0969,1CNAPres,1.0,0,0.000
0969,1CNAPres,2.0,198,135.828
0969,1CSPiece,1.0,0,0.000
0969,1CSPiece,2.0,1,1.030
0969,1CSPiece,3.0,0,0.000
0969,OtherCls,1120.0,0,0.000
0969,PkgSRetG,32.0,0,0.000
0969,PSFRBRet,1120.0,0,0.000
4769,1ClFlat,6.0,0,0.000
4769,1ClFlat,13.0,0,0.000
3472,1CSPiece,1.0,0,0.000
3110,OtherCls,1120.0,0,0.000
0980,NOCLASS,0.0,0,0.000
0980,1CA5DFlt,1.0,0,0.000
0980,1CA5DFlt,2.0,0,0.000
0980,1CA5DFlt,3.0,0,0.000
0980,1CA5DFlt,4.0,0,0.000
0980,1CA5DFlt,5.0,0,0.000
0980,1CA5DFlt,6.0,0,0.000
0980,1ClFlat,1.0,0,0.000
0980,1ClFlat,2.0,0,0.000
0980,1ClFlat,3.0,0,0.000
0980,1ClFlat,4.0,0,0.000
0980,1ClFlat,7.0,0,0.000
0980,1ClFlat,8.0,0,0.000
0980,1ClFlat,9.0,0,0.000
0980,1ClFlat,10.0,0,0.000
0980,1ClFlat,11.0,0,0.000
0980,1CMAADCL,1.0,0,0.000
0980,1CMAADCL,2.0,0,0.000
0980,1CSPiece,1.0,0,0.000
0980,1CSPiece,2.0,0,0.000
0980,1CSPiece,3.0,0,0.000
0980,1stClNMLtr,1.0,0,0.000
0980,Int1stS,6.0,0,0.000
0980,Int1stS,20.0,0,0.000
0980,Int1stS,40.0,0,0.000
0980,OtherCls,1120.0,0,0.000
0980,PkgSLiSP,16.0,0,0.000
0980,PkgSLiSP,32.0,0,0.000
0980,PkgSLiSP,64.0,0,0.000
0980,PkgSLiSP,144.0,0,0.000
0979,NOCLASS,0.0,0,0.000
0979,Int1stLt,1.0,0,0.000
5497,1CMAADCL,1.0,0,0.000
5497,1CSPiece,1.0,0,0.000
5501,1CSPiece,1.0,0,0.000
5502,1ClFlat,1.0,0,0.000
5502,1ClFlat,7.0,0,0.000
5502,1ClFlat,10.0,0,0.000
5502,1CMAADCL,1.0,1,0.672
5502,1CSPiece,1.0,0,0.000
5503,1CMAADCL,1.0,0,0.000
5503,OtherCls,1120.0,0,0.000
5507,1CMAADCL,1.0,0,0.000
5509,1ClFlat,3.0,0,0.000
5509,1ClFlat,5.0,0,0.000
5509,1CMAADCL,1.0,0,0.000
5509,1CMAADCL,2.0,0,0.000
5509,1CSPiece,1.0,0,0.000
5510,1CMAADCL,1.0,0,0.000
5511,1CMAADCL,1.0,0,0.000
5517,1ClFlat,1.0,0,0.000
5517,1CMAADCL,1.0,19,12.768
5519,1ClFlat,6.0,0,0.000
5519,1CMAADCL,1.0,0,0.000
5519,1CSPiece,1.0,0,0.000
5520,1CMAADCL,1.0,0,0.000
5520,1CSPiece,1.0,0,0.000
5521,1CMAADCL,1.0,0,0.000
5521,1CSPiece,1.0,0,0.000
5523,1CMAADCL,1.0,0,0.000
5523,1CMAADCL,2.0,0,0.000
5523,1CSPiece,1.0,0,0.000
5524,1ClFlat,4.0,0,0.000
5524,1ClFlat,5.0,0,0.000
5524,1ClFlat,9.0,0,0.000
5524,1CMAADCL,1.0,0,0.000
5527,1CMAADCL,1.0,0,0.000
5527,1CSPiece,1.0,0,0.000
5528,1ClFlat,4.0,0,0.000
5528,1CMAADCL,2.0,0,0.000
5528,1CSPiece,1.0,0,0.000
5533,1CMAADCL,2.0,0,0.000
5533,1CSPiece,1.0,0,0.000
5536,1CMAADCL,1.0,1,0.672
5536,1CSPiece,1.0,0,0.000
5541,NOCLASS,0.0,0,0.000
5541,1CMAADCL,1.0,0,0.000
5541,1CSPiece,1.0,0,0.000
5543,1CMAADCL,1.0,0,0.000
5547,1ClFlat,9.0,0,0.000
5547,1CMAADCL,1.0,1,0.672
5547,1CSPiece,1.0,1,0.740
5549,1CMAADCL,1.0,0,0.000
5549,1CSPiece,1.0,0,0.000
3560,1ClFlat,4.0,0,0.000
3560,1ClFlat,5.0,0,0.000
3560,1ClFlat,6.0,0,0.000
3560,1CMAADCL,1.0,0,0.000
3560,1CSPiece,1.0,0,0.000
3561,1CMAADCL,1.0,0,0.000
3563,1CA5DFlt,2.0,0,0.000
3563,1CA5DFlt,3.0,0,0.000
3563,1ClFlat,2.0,1,1.900
3563,1ClFlat,3.0,0,0.000
3563,1ClFlat,4.0,0,0.000
3563,1ClFlat,5.0,0,0.000
3563,1ClFlat,8.0,0,0.000
3563,1CMAADCL,1.0,0,0.000
3563,1CMAADCL,2.0,0,0.000
3563,1CSPiece,1.0,0,0.000
3563,1CSPiece,2.0,0,0.000
3563,1CSPiece,3.0,0,0.000
3564,1CA5DFlt,1.0,16,15.520
3564,1CA5DFlt,2.0,4,4.960
3564,1CA5DFlt,3.0,1,1.510
3564,1ClFlat,2.0,0,0.000
3564,1ClFlat,3.0,0,0.000
3564,1ClFlat,4.0,0,0.000
3564,1ClFlat,5.0,0,0.000
3564,1CMAADCL,1.0,0,0.000
3564,1CSPiece,1.0,0,0.000
3564,1CSPiece,2.0,0,0.000
3568,NOCLASS,0.0,0,0.000
3568,1ClFlat,2.0,0,0.000
3568,1CMAADCL,1.0,0,0.000
3568,1CMAADCL,2.0,0,0.000
3568,1CSPiece,1.0,0,0.000
3568,1CSPiece,2.0,0,0.000
3569,1CA5DFlt,2.0,0,0.000
3569,1CA5DFlt,3.0,0,0.000
3569,1CA5DFlt,4.0,0,0.000
3569,1ClFlat,1.0,0,0.000
3569,1ClFlat,2.0,0,0.000
3569,1ClFlat,3.0,0,0.000
3569,1ClFlat,4.0,2,4.880
3569,1ClFlat,5.0,1,2.720
3569,1ClFlat,6.0,0,0.000
3569,1ClFlat,7.0,0,0.000
3569,1ClFlat,8.0,0,0.000
3569,1ClFlat,9.0,0,0.000
3569,1ClFlat,11.0,0,0.000
3569,1ClFlat,12.0,0,0.000
3569,1CMAADCL,1.0,606,407.232
3569,1CMAADCL,2.0,0,0.000
3569,1CMAADCL,3.0,0,0.000
3569,1CSPiece,1.0,0,0.000
3569,1CSPiece,2.0,0,0.000
3569,1CSPiece,3.0,0,0.000
3569,1CSPiece,3.0,0,0.000
3569,OtherCls,1120.0,0,0.000
3569,Priority,16.0,0,0.000
3572,1CA5DFlt,1.0,0,0.000
3572,1CA5DFlt,2.0,0,0.000
3572,1CA5DFlt,6.0,0,0.000
3572,1ClFlat,1.0,1,1.630
3572,1ClFlat,2.0,0,0.000
3572,1ClFlat,3.0,1,2.170
3572,1ClFlat,5.0,0,0.000
3572,1CMAADCL,1.0,0,0.000
3572,1CSPiece,1.0,1,0.740
3573,1CA5DFlt,1.0,0,0.000
3573,1CA5DFlt,2.0,0,0.000
3573,1CA5DFlt,3.0,0,0.000
3573,1CA5DFlt,4.0,0,0.000
3573,1ClFlat,1.0,0,0.000
3573,1ClFlat,2.0,0,0.000
3573,1ClFlat,3.0,0,0.000
3573,1ClFlat,10.0,0,0.000
3573,1CSPiece,1.0,0,0.000
3574,1ClFlat,2.0,0,0.000
3574,1ClFlat,3.0,0,0.000
3574,1ClFlat,8.0,0,0.000
3574,1CMAADCL,1.0,0,0.000
3574,1CMAADCL,2.0,0,0.000
3574,1CSPiece,1.0,0,0.000
3574,1CSPiece,2.0,0,0.000
3575,1CMAADCL,1.0,0,0.000
3575,1CMAADCL,2.0,0,0.000
3576,1ClFlat,3.0,0,0.000
3576,1ClFlat,4.0,0,0.000
3576,1ClFlat,5.0,0,0.000
3576,1ClFlat,6.0,0,0.000
3576,1CMAADCL,1.0,0,0.000
3576,1CMAADCL,2.0,0,0.000
3576,1CSPiece,1.0,0,0.000
3576,PkgSRetG,48.0,0,0.000
3576,PkgSRetG,64.0,0,0.000
3578,NOCLASS,0.0,0,0.000
3578,1ClFlat,2.0,0,0.000
3578,1ClFlat,3.0,0,0.000
3578,1ClFlat,4.0,0,0.000
3578,1ClFlat,5.0,0,0.000
3578,1ClFlat,6.0,0,0.000
3578,1ClFlat,8.0,0,0.000
3578,1ClFlat,9.0,0,0.000
3578,1ClFlat,10.0,0,0.000
3578,1ClFlat,12.0,0,0.000
3578,1ClFlat,13.0,0,0.000
3578,1CMAADCL,1.0,0,0.000
3578,1CMAADCL,2.0,0,0.000
3578,1CSPiece,1.0,14,10.360
3578,1CSPiece,2.0,1,1.030
3578,1CSPiece,3.0,0,0.000
3578,1CSPiece,3.0,0,0.000
3579,NOCLASS,0.0,0,0.000
3579,1CMAADCL,1.0,0,0.000
3579,1CMAADCL,2.0,0,0.000
3579,1CSPiece,1.0,0,0.000
3581,1ClFlat,1.0,0,0.000
3581,1ClFlat,2.0,0,0.000
3581,1ClFlat,3.0,0,0.000
3581,1ClFlat,4.0,0,0.000
3581,1ClFlat,5.0,0,0.000
3581,1ClFlat,6.0,0,0.000
3581,1ClFlat,7.0,0,0.000
3581,1ClFlat,8.0,0,0.000
3581,1ClFlat,10.0,0,0.000
3581,1ClFlat,11.0,0,0.000
3581,1CMAADCL,1.0,3,2.016
3581,1CMAADCL,2.0,0,0.000
3581,1CMAADCL,3.0,0,0.000
3581,1CMAADCL,3.0,0,0.000
3581,1CSPiece,1.0,9,6.660
3581,1CSPiece,2.0,0,0.000
3581,1CSPiece,3.0,0,0.000
3581,1CSPiece,3.0,0,0.000
3581,OtherCls,1120.0,0,0.000
3582,1ClFlat,2.0,0,0.000
3582,1ClFlat,4.0,0,0.000
3582,1ClFlat,8.0,0,0.000
3582,1ClFlat,13.0,0,0.000
3582,1CMAADCL,1.0,0,0.000
3582,1CMAADCL,2.0,0,0.000
3582,1CSPiece,1.0,0,0.000
3583,1ClFlat,1.0,0,0.000
3583,1ClFlat,2.0,0,0.000
3583,1ClFlat,3.0,0,0.000
3583,1ClFlat,4.0,0,0.000
3583,1ClFlat,7.0,0,0.000
3583,1CMAADCL,1.0,0,0.000
3583,1CMAADCL,2.0,0,0.000
3583,1CSPiece,1.0,0,0.000
3583,1CSPiece,2.0,0,0.000
3584,1ClFlat,2.0,0,0.000
3587,1ClFlat,2.0,0,0.000
3587,1ClFlat,3.0,0,0.000
3587,1ClFlat,4.0,0,0.000
3587,1CMAADCL,1.0,4,2.688
3587,1CMAADCL,2.0,0,0.000
3587,1CMAADCL,3.0,0,0.000
3587,1CSPiece,1.0,0,0.000
3587,1CSPiece,2.0,0,0.000
3587,1CSPiece,3.0,0,0.000
3588,1ClFlat,4.0,0,0.000
3588,1CMAADCL,1.0,0,0.000
3588,1CSPiece,1.0,0,0.000
3588,1CSPiece,2.0,0,0.000
3590,1ClFlat,13.0,0,0.000
3593,NOCLASS,0.0,0,0.000
3593,1ClFlat,2.0,0,0.000
3593,1ClFlat,11.0,0,0.000
3593,1CMAADCL,1.0,4,2.688
3593,1CMAADCL,2.0,0,0.000
3601,NOCLASS,0.0,0,0.000
3601,NOCLASS,16.0,0,0.000
3601,1CA5DFlt,2.0,0,0.000
3601,1CA5DFlt,3.0,0,0.000
3601,1CA5DFlt,4.0,0,0.000
3601,1CA5DFlt,6.0,0,0.000
3601,1ClFlat,1.0,0,0.000
3601,1ClFlat,2.0,2,3.800
3601,1ClFlat,3.0,1,2.170
3601,1ClFlat,4.0,0,0.000
3601,1ClFlat,5.0,0,0.000
3601,1ClFlat,6.0,0,0.000
3601,1ClFlat,7.0,0,0.000
3601,1ClFlat,8.0,1,3.560
3601,1ClFlat,9.0,0,0.000
3601,1ClFlat,10.0,0,0.000
3601,1ClFlat,11.0,0,0.000
3601,1ClFlat,12.0,0,0.000
3601,1ClFlat,13.0,0,0.000
3601,1CMAADCL,1.0,2,1.344
3601,1CMAADCL,2.0,0,0.000
3601,1CMAADCL,3.0,0,0.000
3601,1CSPiece,1.0,7,5.180
3601,1CSPiece,2.0,3,3.090
3601,1CSPiece,3.0,0,0.000
3601,1CSPiece,3.0,0,0.000
3601,OtherCls,1120.0,0,0.000
3601,PkgSRetG,16.0,0,0.000
3601,PkgSRetG,32.0,0,0.000
3601,Priority,16.0,0,0.000
3603,1ClFlat,2.0,0,0.000
3603,1ClFlat,3.0,0,0.000
3603,1ClFlat,4.0,0,0.000
3603,1ClFlat,6.0,0,0.000
3603,1CMAADCL,1.0,0,0.000
3603,1CMAADCL,2.0,0,0.000
3603,1CSPiece,2.0,0,0.000
3603,OtherCls,1120.0,0,0.000
3608,1ClFlat,2.0,0,0.000
3608,1ClFlat,3.0,1,2.170
3608,1ClFlat,4.0,0,0.000
3608,1ClFlat,5.0,0,0.000
3608,1ClFlat,6.0,0,0.000
3608,1ClFlat,7.0,0,0.000
3608,1ClFlat,8.0,0,0.000
3608,1ClFlat,10.0,0,0.000
3608,1ClFlat,11.0,0,0.000
3608,1CMAADCL,1.0,0,0.000
3608,1CMAADCL,2.0,0,0.000
3608,1CMAADCL,3.0,0,0.000
3608,1CSPiece,1.0,7,5.180
3608,1CSPiece,2.0,5,5.150
3608,1CSPiece,3.0,0,0.000
3608,1CSPiece,3.0,0,0.000
3608,OtherCls,1120.0,0,0.000
3608,PkgSRetG,32.0,0,0.000
3608,Priority,16.0,9,241.380
3608,Priority,32.0,0,0.000
3613,1CA5DFlt,2.0,0,0.000
3613,1ClFlat,2.0,0,0.000
3613,1ClFlat,3.0,1,2.170
3613,1ClFlat,5.0,0,0.000
3613,1ClFlat,6.0,0,0.000
3613,1ClFlat,8.0,0,0.000
3613,1ClFlat,10.0,0,0.000
3613,1ClFlat,13.0,0,0.000
3613,1CMAADCL,1.0,7,4.704
3613,1CMAADCL,2.0,0,0.000
3613,1CSPiece,1.0,1,0.740
3614,NOCLASS,0.0,0,0.000
3614,1CA5DFlt,1.0,0,0.000
3614,1CA5DFlt,2.0,0,0.000
3614,1CA5DFlt,3.0,0,0.000
3614,1CA5DFlt,4.0,0,0.000
3614,1CA5DFlt,6.0,0,0.000
3614,1CA5DFlt,7.0,0,0.000
3614,1CA5DFlt,10.0,0,0.000
3614,1ClFlat,1.0,3,4.890
3614,1ClFlat,2.0,1,1.900
3614,1ClFlat,3.0,1,2.170
3614,1ClFlat,4.0,0,0.000
3614,1ClFlat,5.0,0,0.000
3614,1ClFlat,6.0,0,0.000
3614,1ClFlat,7.0,0,0.000
3614,1ClFlat,8.0,1,3.560
3614,1ClFlat,9.0,0,0.000
3614,1ClFlat,10.0,0,0.000
3614,1CMAADCL,1.0,0,0.000
3614,1CMAADCL,2.0,0,0.000
3614,1CSPiece,1.0,0,0.000
3614,1CSPiece,2.0,0,0.000
3614,PkgSRetG,32.0,0,0.000
3614,PkgSRetG,48.0,0,0.000
3615,1CA5DFlt,1.0,0,0.000
3615,1CA5DFlt,4.0,0,0.000
3615,1CA5DFlt,5.0,0,0.000
3615,1CA5DFlt,6.0,0,0.000
3615,1CA5DFlt,7.0,0,0.000
3615,1ClFlat,2.0,0,0.000
3615,1ClFlat,3.0,0,0.000
3615,1ClFlat,4.0,3,7.320
3615,1ClFlat,5.0,0,0.000
3615,1ClFlat,7.0,0,0.000
3615,1ClFlat,8.0,0,0.000
3615,1CMAADCL,1.0,0,0.000
3615,1CMAADCL,2.0,0,0.000
3615,1CSPiece,2.0,0,0.000
3615,1CSPiece,3.0,1,1.320
3617,NOCLASS,16.0,0,0.000
3617,1CA5DFlt,3.0,0,0.000
3617,1CA5DFlt,4.0,0,0.000
3617,1ClFlat,1.0,0,0.000
3617,1ClFlat,2.0,1,1.900
3617,1ClFlat,3.0,0,0.000
3617,1ClFlat,4.0,3,7.320
3617,1ClFlat,5.0,2,5.440
3617,1ClFlat,6.0,0,0.000
3617,1ClFlat,7.0,1,3.280
3617,1ClFlat,8.0,0,0.000
3617,1ClFlat,9.0,0,0.000
3617,1ClFlat,10.0,0,0.000
3617,1ClFlat,11.0,0,0.000
3617,1ClFlat,12.0,0,0.000
3617,1CMAADCL,1.0,0,0.000
3617,1CMAADCL,2.0,28,18.816
3617,1CMAADCL,3.0,0,0.000
3617,1CSPiece,1.0,0,0.000
3617,1CSPiece,2.0,0,0.000
3617,1CSPiece,3.0,0,0.000
3617,1CSPiece,3.0,0,0.000
3617,PkgSRetG,32.0,0,0.000
3617,Priority,16.0,0,0.000
3617,Priority,1120.0,0,0.000
3618,1ClFlat,2.0,0,0.000
3618,1ClFlat,3.0,1,2.170
3618,1ClFlat,4.0,0,0.000
3618,1ClFlat,5.0,0,0.000
3618,1CMAADCL,1.0,0,0.000
3618,1CMAADCL,2.0,13,8.736
3618,1CSPiece,1.0,0,0.000
3618,1CSPiece,2.0,0,0.000
3618,1CSPiece,3.0,0,0.000
3618,1CSPiece,3.0,0,0.000
3622,1ClFlat,2.0,0,0.000
3622,1ClFlat,3.0,0,0.000
3622,1ClFlat,4.0,1,2.440
3622,1ClFlat,5.0,0,0.000
3622,1ClFlat,6.0,0,0.000
3622,1ClFlat,7.0,0,0.000
3622,1ClFlat,9.0,0,0.000
3622,1ClFlat,11.0,0,0.000
3622,1ClFlat,12.0,0,0.000
3622,1CMAADCL,1.0,39,26.208
3622,1CMAADCL,2.0,0,0.000
3622,1CSPiece,1.0,0,0.000
3622,1CSPiece,2.0,0,0.000
3622,PkgSRetG,32.0,0,0.000
3622,Priority,32.0,0,0.000
3623,1CA5DFlt,1.0,0,0.000
3623,1CA5DFlt,2.0,0,0.000
3623,1CA5DFlt,3.0,0,0.000
3623,1ClFlat,1.0,0,0.000
3623,1ClFlat,2.0,0,0.000
3623,1ClFlat,3.0,0,0.000
3623,1CMAADCL,1.0,0,0.000
3623,1CSPiece,1.0,0,0.000
3630,1ClFlat,1.0,0,0.000
3630,1ClFlat,2.0,0,0.000
3630,1ClFlat,3.0,0,0.000
3630,1ClFlat,4.0,0,0.000
3630,1ClFlat,5.0,0,0.000
3630,1ClFlat,6.0,0,0.000
3630,1ClFlat,7.0,0,0.000
3630,1ClFlat,8.0,0,0.000
3630,1ClFlat,10.0,0,0.000
3630,1CMAADCL,1.0,5,3.360
3630,1CMAADCL,2.0,0,0.000
3630,1CSPiece,1.0,0,0.000
3630,1CSPiece,2.0,0,0.000
3630,1CSPiece,3.0,0,0.000
3630,1CSPiece,3.0,0,0.000
3631,1ClFlat,2.0,0,0.000
3631,1ClFlat,3.0,0,0.000
3631,1ClFlat,4.0,0,0.000
3631,1ClFlat,5.0,0,0.000
3631,1CMAADCL,1.0,36,24.192
3631,1CMAADCL,2.0,0,0.000
3631,1CSPiece,1.0,0,0.000
3631,1CSPiece,2.0,0,0.000
3635,1ClFlat,5.0,0,0.000
3635,1CMAADCL,1.0,0,0.000
3635,1CSPiece,1.0,0,0.000
3635,1CSPiece,3.0,0,0.000
3636,1CMAADCL,1.0,65,43.680
3636,1CMAADCL,2.0,0,0.000
3636,1CSPiece,1.0,6,3.660
3637,NOCLASS,0.0,0,0.000
3637,1ClFlat,2.0,0,0.000
3637,1CMAADCL,1.0,2,1.344
3637,1CSPiece,1.0,7,4.270
3638,NOCLASS,0.0,0,0.000
3638,1CA5DFlt,3.0,0,0.000
3638,1ClFlat,1.0,0,0.000
3638,1ClFlat,2.0,0,0.000
3638,1ClFlat,3.0,0,0.000
3638,1ClFlat,4.0,0,0.000
3638,1ClFlat,7.0,0,0.000
3638,1CMAADCL,1.0,9,6.048
3638,1CMAADCL,2.0,23,15.456
3638,1CSPiece,1.0,0,0.000
3638,1CSPiece,2.0,0,0.000
3638,1CSPiece,3.0,1,1.610
3642,1ClFlat,3.0,0,0.000
3642,1ClFlat,4.0,0,0.000
3642,1ClFlat,5.0,0,0.000
3642,1CMAADCL,1.0,0,0.000
3642,1CMAADCL,2.0,0,0.000
3642,1CSPiece,1.0,0,0.000
3642,1CSPiece,3.0,0,0.000
3643,1ClFlat,4.0,0,0.000
3643,1ClFlat,6.0,0,0.000
3643,1CMAADCL,1.0,0,0.000
3643,1CSPiece,1.0,0,0.000
3644,1ClFlat,4.0,0,0.000
3644,1CMAADCL,1.0,0,0.000
3644,1CMAADCL,2.0,0,0.000
3644,1CSPiece,1.0,0,0.000
3645,1ClFlat,5.0,0,0.000
3645,1CMAADCL,1.0,0,0.000
3645,1CMAADCL,2.0,0,0.000
3645,1CSPiece,1.0,0,0.000
3645,1CSPiece,2.0,0,0.000
3645,1CSPiece,3.0,0,0.000
3645,1CSPiece,3.0,0,0.000
3646,1ClFlat,4.0,0,0.000
3646,1CMAADCL,1.0,0,0.000
3646,1CSPiece,1.0,0,0.000
3647,1CMAADCL,1.0,2,1.344
3647,1CMAADCL,2.0,0,0.000
3647,1CSPiece,1.0,0,0.000
3648,1ClFlat,2.0,0,0.000
3648,1ClFlat,3.0,0,0.000
3648,1ClFlat,4.0,0,0.000
3648,1ClFlat,5.0,0,0.000
3648,1ClFlat,6.0,0,0.000
3648,1CMAADCL,1.0,6,4.032
3648,1CMAADCL,2.0,0,0.000
3648,1CSPiece,1.0,0,0.000
3648,OtherCls,1120.0,0,0.000
3649,1ClFlat,2.0,0,0.000
3649,1ClFlat,5.0,0,0.000
3649,1ClFlat,7.0,0,0.000
3649,1CMAADCL,1.0,2,1.344
3649,1CSPiece,1.0,0,0.000
3652,1ClFlat,6.0,0,0.000
3652,1CMAADCL,1.0,0,0.000
3652,1CMAADCL,2.0,0,0.000
3652,1CSPiece,1.0,0,0.000
3652,1CSPiece,2.0,0,0.000
3653,1ClFlat,4.0,0,0.000
3653,1CMAADCL,1.0,0,0.000
3653,1CSPiece,1.0,0,0.000
3653,1CSPiece,3.0,0,0.000
3654,1CMAADCL,1.0,0,0.000
3654,1CSPiece,1.0,0,0.000
3656,1ClFlat,2.0,1,1.900
3656,1ClFlat,3.0,2,4.340
3656,1ClFlat,4.0,0,0.000
3656,1ClFlat,6.0,0,0.000
3656,1ClFlat,7.0,0,0.000
3656,1CMAADCL,1.0,0,0.000
3656,1CMAADCL,2.0,0,0.000
3656,1CSPiece,1.0,10,7.400
3657,1ClFlat,2.0,0,0.000
3657,1ClFlat,4.0,0,0.000
3657,1ClFlat,5.0,0,0.000
3657,1ClFlat,6.0,0,0.000
3657,1ClFlat,7.0,0,0.000
3657,1ClFlat,8.0,0,0.000
3657,1ClFlat,10.0,0,0.000
3657,1CMAADCL,1.0,6,4.032
3657,1CMAADCL,2.0,0,0.000
3657,1CSPiece,1.0,0,0.000
3657,1CSPiece,2.0,0,0.000
3658,1CMAADCL,1.0,0,0.000
3658,1CMAADCL,2.0,0,0.000
3658,1CSPiece,1.0,0,0.000
3658,1CSPiece,2.0,0,0.000
3659,1CMAADCL,1.0,0,0.000
3659,1CMAADCL,2.0,0,0.000
3659,1CSPiece,1.0,0,0.000
3660,1ClFlat,2.0,0,0.000
3660,1ClFlat,3.0,0,0.000
3660,1ClFlat,5.0,0,0.000
3660,1ClFlat,9.0,0,0.000
3660,1ClFlat,11.0,0,0.000
3660,1CMAADCL,1.0,8,5.376
3660,1CMAADCL,2.0,0,0.000
3660,1CSPiece,1.0,0,0.000
3660,OtherCls,1120.0,0,0.000
3661,1ClFlat,2.0,0,0.000
3661,1ClFlat,3.0,0,0.000
3661,1ClFlat,5.0,0,0.000
3661,1ClFlat,7.0,0,0.000
3661,1CMAADCL,1.0,1,0.672
3661,1CMAADCL,2.0,0,0.000
3661,1CSPiece,1.0,0,0.000
3661,1CSPiece,2.0,0,0.000
3662,1ClFlat,4.0,0,0.000
3662,1ClFlat,7.0,0,0.000
3662,1CMAADCL,1.0,6,4.032
3662,1CMAADCL,2.0,0,0.000
3662,1CSPiece,1.0,0,0.000
3663,1ClFlat,5.0,0,0.000
3663,1ClFlat,9.0,0,0.000
3663,1ClFlat,10.0,0,0.000
3663,1CMAADCL,1.0,0,0.000
3663,1CMAADCL,2.0,0,0.000
3663,1CSPiece,1.0,0,0.000
3664,1ClFlat,4.0,0,0.000
3664,1CMAADCL,1.0,0,0.000
3665,1ClFlat,3.0,0,0.000
3665,1ClFlat,4.0,0,0.000
3665,1ClFlat,5.0,0,0.000
3665,1ClFlat,6.0,0,0.000
3665,1ClFlat,7.0,0,0.000
3665,1CMAADCL,1.0,0,0.000
3665,1CMAADCL,2.0,0,0.000
3665,1CSPiece,1.0,0,0.000
3665,1CSPiece,2.0,0,0.000
3666,1ClFlat,2.0,0,0.000
3666,1ClFlat,3.0,0,0.000
3666,1ClFlat,4.0,0,0.000
3666,1ClFlat,5.0,0,0.000
3666,1ClFlat,6.0,0,0.000
3666,1ClFlat,8.0,0,0.000
3666,1ClFlat,9.0,0,0.000
3666,1CMAADCL,1.0,0,0.000
3666,1CMAADCL,2.0,0,0.000
3666,1CSPiece,1.0,0,0.000
3666,1CSPiece,3.0,0,0.000
3668,NOCLASS,0.0,0,0.000
3668,1ClFlat,2.0,0,0.000
3668,1ClFlat,6.0,0,0.000
3668,1CMAADCL,1.0,0,0.000
3668,1CSPiece,1.0,0,0.000
3668,OtherCls,1120.0,0,0.000
3669,1CMAADCL,1.0,0,0.000
3669,1CMAADCL,2.0,0,0.000
3669,1CSPiece,1.0,0,0.000
3670,1CMAADCL,1.0,0,0.000
3670,1CSPiece,1.0,0,0.000
3671,1ClFlat,2.0,0,0.000
3671,1ClFlat,3.0,0,0.000
3671,1ClFlat,4.0,1,2.440
3671,1ClFlat,5.0,0,0.000
3671,1ClFlat,6.0,0,0.000
3671,1ClFlat,7.0,0,0.000
3671,1ClFlat,8.0,0,0.000
3671,1CMAADCL,1.0,0,0.000
3671,1CMAADCL,2.0,0,0.000
3671,1CSPiece,1.0,0,0.000
3671,1CSPiece,2.0,0,0.000
3672,1ClFlat,7.0,0,0.000
3672,1CMAADCL,1.0,0,0.000
3672,1CSPiece,1.0,0,0.000
3672,1CSPiece,2.0,0,0.000
3673,1ClFlat,2.0,0,0.000
3673,1ClFlat,3.0,0,0.000
3673,1ClFlat,4.0,2,4.880
3673,1ClFlat,5.0,0,0.000
3673,1ClFlat,6.0,1,3.000
3673,1ClFlat,7.0,0,0.000
3673,1ClFlat,8.0,2,7.120
3673,1CMAADCL,1.0,0,0.000
3673,1CMAADCL,2.0,0,0.000
3673,1CSPiece,1.0,4,2.960
3673,1CSPiece,2.0,1,1.030
3673,1CSPiece,3.0,0,0.000
3674,1ClFlat,3.0,0,0.000
3674,1ClFlat,4.0,0,0.000
3674,1ClFlat,5.0,1,2.720
3674,1ClFlat,6.0,1,3.000
3674,1ClFlat,7.0,0,0.000
3674,1ClFlat,9.0,0,0.000
3674,1ClFlat,12.0,0,0.000
3674,1CMAADCL,1.0,0,0.000
3674,1CMAADCL,2.0,0,0.000
3674,1CSPiece,1.0,0,0.000
3674,1CSPiece,2.0,0,0.000
3676,1ClFlat,2.0,0,0.000
3676,1CMAADCL,1.0,0,0.000
3596,1ClFlat,1.0,0,0.000
3596,1ClFlat,2.0,0,0.000
3596,1ClFlat,3.0,1,2.170
3596,1ClFlat,4.0,0,0.000
3596,1ClFlat,5.0,0,0.000
3596,1ClFlat,6.0,0,0.000
3596,1ClFlat,7.0,0,0.000
3596,1ClFlat,8.0,0,0.000
3596,1ClFlat,9.0,0,0.000
3596,1ClFlat,10.0,0,0.000
3596,1ClFlat,11.0,0,0.000
3596,1ClFlat,12.0,0,0.000
3596,1CMAADCL,1.0,63,42.336
3596,1CMAADCL,2.0,0,0.000
3596,1CSPiece,1.0,2,1.480
3596,1CSPiece,2.0,12,128.000
3596,1CSPiece,3.0,0,0.000
3596,1CSPiece,3.0,0,0.000
3596,OtherCls,1120.0,0,0.000
3597,NOCLASS,0.0,0,0.000
3597,1ClFlat,3.0,1,2.170
3597,1ClFlat,4.0,0,0.000
3597,1ClFlat,5.0,0,0.000
3597,1CMAADCL,1.0,59,39.648
3597,1CMAADCL,2.0,0,0.000
3597,1CMAADCL,3.0,0,0.000
3597,1CSPiece,1.0,0,0.000
3597,1CSPiece,2.0,0,0.000
3597,1CSPiece,3.0,0,0.000
4771,1ClFlat,4.0,0,0.000
4771,1ClFlat,5.0,0,0.000
4771,1ClFlat,6.0,0,0.000
4771,1ClFlat,9.0,0,0.000
4771,1ClFlat,12.0,0,0.000
4771,1CMAADCL,1.0,0,0.000
4771,Priority,16.0,0,0.000
4771,Priority,32.0,0,0.000
4776,1ClFlat,1.0,0,0.000
4776,1ClFlat,2.0,0,0.000
4776,1ClFlat,3.0,0,0.000
4776,1ClFlat,4.0,0,0.000
4776,1ClFlat,5.0,0,0.000
4776,1CMAADCL,1.0,0,0.000
4776,1CSPiece,1.0,0,0.000
5579,1ClFlat,3.0,0,0.000
0295,1CA5DFlt,3.0,0,0.000
0295,1CA5DFlt,4.0,0,0.000
0295,1CA5DFlt,5.0,0,0.000
0295,1CA5DFlt,6.0,0,0.000
0295,1CA5DFlt,7.0,0,0.000
0295,1CA5DFlt,8.0,0,0.000
0295,1CA5DFlt,9.0,0,0.000
0295,1CA5DFlt,10.0,0,0.000
0295,1CA5DFlt,11.0,0,0.000
0295,1ClFlat,3.0,0,0.000
0295,1ClFlat,4.0,0,0.000
0295,1ClFlat,6.0,0,0.000
0295,1ClFlat,7.0,0,0.000
0295,1ClFlat,8.0,0,0.000
0295,1ClFlat,9.0,0,0.000
0295,1ClFlat,10.0,0,0.000
0295,1ClFlat,11.0,0,0.000
0295,1ClFlat,12.0,0,0.000
0295,1ClFlat,13.0,0,0.000
0295,Int1stLt,2.0,0,0.000
0291,1ClFlat,1.0,1,1.630
0291,1ClFlat,2.0,4,7.600
0291,1ClFlat,3.0,1,2.170
0291,1ClFlat,4.0,4,9.760
0291,1ClFlat,5.0,0,0.000
0291,1ClFlat,6.0,0,0.000
0291,1ClFlat,7.0,1,3.280
0291,1ClFlat,8.0,0,0.000
0291,1ClFlat,9.0,0,0.000
0291,1ClFlat,11.0,0,0.000
0291,1CMAADCL,1.0,213,143.136
0291,1CMAADCL,2.0,0,0.000
0291,1CMAADCL,3.0,0,0.000
0291,1CSPiece,1.0,0,0.000
0291,1CSPiece,2.0,0,0.000
0291,1CSPiece,3.0,0,0.000
0291,1CSPiece,3.0,0,0.000
0291,1stClNMLtr,2.0,0,0.000
4802,1ClFlat,1.0,0,0.000
4802,1ClFlat,2.0,3,5.700
4802,1ClFlat,3.0,1,2.170
4802,1ClFlat,4.0,0,0.000
4802,1ClFlat,5.0,1,2.720
4802,1ClFlat,6.0,0,0.000
4802,1ClFlat,7.0,0,0.000
4802,1ClFlat,8.0,0,0.000
4802,1ClFlat,9.0,0,0.000
4802,1CMAADCL,1.0,0,0.000
4802,1CMAADCL,2.0,18,12.096
4802,1CSPiece,1.0,3,31.320
4802,1CSPiece,2.0,4,4.120
4802,1CSPiece,3.0,0,0.000
4802,1stClNMLtr,3.0,0,0.000
4802,OtherCls,1120.0,0,0.000
4802,Priority,16.0,0,0.000
3702,NOCLASS,0.0,127,76.832
3702,NOCLASS,12.0,0,0.000
3702,1CA5DFlt,2.0,0,0.000
3702,1CA5DFlt,3.0,0,0.000
3702,1CA5DFlt,6.0,0,0.000
3702,1ClFlat,1.0,1,1.630
3702,1ClFlat,2.0,2,3.800
3702,1ClFlat,3.0,1,2.170
3702,1ClFlat,4.0,0,0.000
3702,1ClFlat,6.0,1,3.000
3702,1ClFlat,7.0,1,3.280
3702,1ClFlat,9.0,0,0.000
3702,1CMAADCL,1.0,30,20.160
3702,1CNAPres,1.0,0,0.000
3702,1CNAPres,2.0,0,0.000
3702,1CSPiece,1.0,0,0.000
3702,1CSPiece,2.0,0,0.000
3702,Int1stLt,1.0,0,0.000
3702,OtherCls,1120.0,0,0.000
5621,1CMAADCL,1.0,0,0.000
5621,1CSPiece,1.0,0,0.000
3711,Int1stFl,2.0,0,0.000
3711,Int1stLt,2.0,0,0.000
3724,1ClFlat,13.0,0,0.000
3734,NOCLASS,0.0,0,0.000
3734,Int1stLt,1.0,0,0.000
3686,NOCLASS,0.0,0,0.000
3686,1CA5DFlt,1.0,0,0.000
3686,1CA5DFlt,2.0,0,0.000
3686,1CA5DFlt,3.0,0,0.000
3686,1CA5DFlt,4.0,0,0.000
3686,1CA5DFlt,5.0,0,0.000
3686,1ClFlat,1.0,0,0.000
3686,1ClFlat,2.0,1,1.900
3686,1ClFlat,3.0,0,0.000
3686,1ClFlat,4.0,2,4.880
3686,1ClFlat,5.0,0,0.000
3686,1ClFlat,6.0,0,0.000
3686,1ClFlat,7.0,0,0.000
3686,1ClFlat,8.0,1,3.560
3686,1ClFlat,9.0,0,0.000
3686,1ClFlat,10.0,0,0.000
3686,1ClFlat,11.0,0,0.000
3686,1ClFlat,12.0,1,4.740
3686,1ClFlat,13.0,0,0.000
3686,1CMAADCL,1.0,0,0.000
3686,1CMAADCL,2.0,0,0.000
3686,1CSPiece,1.0,4,2.960
3686,Int1stS,16.0,0,0.000
3686,OtherCls,1120.0,0,0.000
3686,Priority,16.0,0,0.000
3686,Priority,32.0,0,0.000
3736,1CMAADCL,1.0,0,0.000
3736,OtherCls,1120.0,0,0.000
3738,1CA5DFlt,4.0,0,0.000
3738,1CA5DFlt,5.0,0,0.000
3738,1CA5DFlt,6.0,0,0.000
3738,1CA5DFlt,7.0,0,0.000
3738,1ClFlat,4.0,0,0.000
3738,1ClFlat,5.0,0,0.000
3738,1ClFlat,8.0,0,0.000
3738,1ClFlat,12.0,0,0.000
3738,1ClFlat,13.0,0,0.000
3738,Int1stFl,4.0,0,0.000
3738,Int1stLt,2.0,0,0.000
3740,1CNAPres,1.0,0,0.000
3740,1CSPiece,1.0,0,0.000
3740,1stClNMLtr,2.0,0,0.000
8102,NOCLASS,4.0,0,0.000
8102,NOCLASS,12.0,0,0.000
8102,1CA5DFlt,1.0,0,0.000
8102,1CA5DFlt,2.0,0,0.000
8102,1CA5DFlt,3.0,0,0.000
8102,1CA5DFlt,7.0,0,0.000
8102,1CA5DFlt,8.0,0,0.000
8102,1CA5DFlt,9.0,0,0.000
8102,1ClFlat,1.0,0,0.000
8102,1ClFlat,2.0,0,0.000
8102,1ClFlat,4.0,0,0.000
8102,1ClFlat,7.0,0,0.000
8102,1ClFlat,9.0,1,3.840
8102,1ClFlat,13.0,0,0.000
8102,1CMAADCL,1.0,0,0.000
8102,1CSPiece,1.0,0,0.000
8102,Int1stFl,1.0,0,0.000
8102,Int1stS,20.0,0,0.000
8102,Int1stS,28.0,0,0.000
8102,PkgSRetG,32.0,0,0.000
8024,NOCLASS,0.0,0,0.000
8024,NOCLASS,16.0,0,0.000
8024,1CA5DFlt,1.0,0,0.000
8024,1CA5DFlt,2.0,4,4.960
8024,1CA5DFlt,3.0,7,10.570
8024,1CA5DFlt,4.0,2,3.560
8024,1CA5DFlt,5.0,0,0.000
8024,1CA5DFlt,6.0,1,2.340
8024,1CA5DFlt,7.0,1,2.620
8024,1CA5DFlt,8.0,0,0.000
8024,1CA5DFlt,9.0,0,0.000
8024,1CA5DFlt,10.0,0,0.000
8024,1ClFlat,1.0,0,0.000
8024,1ClFlat,2.0,6,11.400
8024,1ClFlat,3.0,1,2.170
8024,1ClFlat,4.0,1,2.440
8024,1ClFlat,5.0,0,0.000
8024,1ClFlat,6.0,2,6.000
8024,1ClFlat,7.0,1,12.980
8024,1ClFlat,8.0,0,0.000
8024,1ClFlat,9.0,0,0.000
8024,1ClFlat,10.0,0,0.000
8024,1ClFlat,11.0,0,0.000
8024,1ClFlat,12.0,0,0.000
8024,1ClFlat,13.0,0,0.000
8024,1CNAPres,1.0,1280,878.080
8024,1CNAPres,2.0,0,0.000
8024,1CSPiece,1.0,1,18.840
8024,1CSPiece,2.0,0,0.000
8024,1CSPiece,3.0,0,0.000
8024,OtherCls,1120.0,0,0.000
8024,PkgSRetG,32.0,0,0.000
8024,PkgSRetG,48.0,0,0.000
8106,1ClFlat,1.0,0,0.000
8106,1ClFlat,2.0,4,7.600
8106,1ClFlat,3.0,0,0.000
8106,1ClFlat,4.0,0,0.000
8106,1ClFlat,6.0,1,3.000
8106,1ClFlat,10.0,0,0.000
8106,1CMAADCL,1.0,0,0.000
8106,1CMAADCL,2.0,0,0.000
8106,1CSPiece,1.0,15,10.060
8106,1CSPiece,2.0,0,0.000
8106,1CSPiece,3.0,0,0.000
8010,1CSPiece,1.0,0,0.000
8010,1CSPiece,2.0,0,0.000
8010,OtherCls,1120.0,0,0.000
8001,1CAAADCL,1.0,0,0.000
8001,1ClFlat,4.0,0,0.000
8001,1ClFlat,5.0,0,0.000
8001,1CSPiece,1.0,0,0.000
8001,OtherCls,1120.0,0,0.000
8108,NOCLASS,0.0,0,0.000
8108,1CA5DFlt,3.0,0,0.000
8108,1CA5DFlt,4.0,0,0.000
8108,1CA5DFlt,5.0,0,0.000
8108,1CA5DFlt,6.0,0,0.000
8108,1CA5DFlt,7.0,0,0.000
8108,1CA5DFlt,8.0,0,0.000
8108,1CA5DFlt,9.0,0,0.000
8108,1CA5DFlt,10.0,0,0.000
8108,1CA5DFlt,11.0,0,0.000
8108,1ClFlat,2.0,0,0.000
8108,1ClFlat,3.0,0,0.000
8108,1ClFlat,4.0,0,0.000
8108,1ClFlat,5.0,0,0.000
8108,1ClFlat,6.0,0,0.000
8108,1ClFlat,9.0,0,0.000
8108,1ClFlat,10.0,0,0.000
8108,1ClFlat,11.0,0,0.000
8108,1ClFlat,12.0,0,0.000
8108,1ClFlat,13.0,0,0.000
8108,1CNAPres,1.0,2,1.372
8108,1CNAPres,2.0,0,0.000
8108,1CNAPres,3.0,0,0.000
8108,1CSPiece,1.0,0,0.000
8108,Int1stFl,4.0,0,0.000
8108,Int1stLt,1.0,0,0.000
8108,Int1stLt,2.0,0,0.000
8108,OtherCls,1120.0,1,1.014
9256,NOCLASS,0.0,0,0.000
9256,1ClFlat,3.0,0,0.000
9256,1ClFlat,5.0,0,0.000
9256,1CMAADCL,1.0,0,0.000
9256,1CSPiece,1.0,0,0.000
9256,Int1stFl,4.0,0,0.000
9256,Int1stFl,5.0,0,0.000
9119,NOCLASS,0.0,0,0.000
9119,NOCLASS,4.0,0,0.000
9119,NOCLASS,8.0,0,0.000
9119,1ClFlat,1.0,0,0.000
9119,1ClFlat,2.0,1,1.900
9119,1ClFlat,3.0,3,6.510
9119,1ClFlat,4.0,0,0.000
9119,1ClFlat,5.0,0,0.000
9119,1ClFlat,6.0,0,0.000
9119,1ClFlat,7.0,0,0.000
9119,1ClFlat,8.0,0,0.000
9119,1ClFlat,10.0,0,0.000
9119,1ClFlat,11.0,0,0.000
9119,1ClFlat,12.0,0,0.000
9119,1ClFlat,13.0,1,5.040
9119,1CMAADCL,1.0,268,180.096
9119,1CMAADCL,2.0,0,0.000
9119,1CMAADCL,3.0,0,0.000
9119,1CSPiece,1.0,5,3.700
9119,1CSPiece,2.0,1,1.030
9119,1CSPiece,3.0,0,0.000
9119,1CSPiece,3.0,0,0.000
9119,1stClNMLtr,3.0,0,0.000
9119,OtherCls,1120.0,0,0.000
9119,PkgSRetG,32.0,0,0.000
9119,PkgSRetG,48.0,0,0.000
8017,NOCLASS,0.0,0,0.000
8017,NOCLASS,4.0,0,0.000
8017,1ClFlat,1.0,0,0.000
8017,1ClFlat,2.0,0,0.000
8017,1ClFlat,3.0,2,4.340
8017,1ClFlat,4.0,3,26.720
8017,1ClFlat,5.0,1,12.420
8017,1ClFlat,6.0,0,0.000
8017,1ClFlat,7.0,0,0.000
8017,1ClFlat,8.0,0,0.000
8017,1ClFlat,9.0,0,0.000
8017,1ClFlat,10.0,0,0.000
8017,1ClFlat,11.0,0,0.000
8017,1ClFlat,13.0,0,0.000
8017,1CMAADCL,1.0,529,355.488
8017,1CMAADCL,2.0,0,0.000
8017,1CMAADCL,3.0,0,0.000
8017,1CSPiece,1.0,10,25.760
8017,1CSPiece,2.0,6,6.180
8017,1CSPiece,3.0,1,1.320
8017,1CSPiece,3.0,1,1.320
8017,OtherCls,1120.0,0,0.000
8144,1ClFlat,1.0,0,0.000
8144,1ClFlat,2.0,0,0.000
8144,1ClFlat,3.0,0,0.000
8144,1ClFlat,4.0,0,0.000
8144,1ClFlat,5.0,0,0.000
8144,1ClFlat,6.0,0,0.000
8144,1ClFlat,7.0,0,0.000
8144,1ClFlat,8.0,0,0.000
8144,1ClFlat,10.0,0,0.000
8144,1ClFlat,11.0,0,0.000
8144,1ClFlat,12.0,0,0.000
8144,1CMAADCL,1.0,0,0.000
8144,1CMAADCL,2.0,0,0.000
8144,1CMAADCL,3.0,0,0.000
8144,1CSPiece,1.0,0,0.000
8144,1CSPiece,2.0,0,0.000
8144,1CSPiece,3.0,0,0.000
8144,1stClNMLtr,3.0,0,0.000
8144,PkgSRetG,32.0,0,0.000
8144,Priority,16.0,0,0.000
9217,1CSPiece,1.0,0,0.000
8146,NOCLASS,0.0,0,0.000
8146,1CMAADCL,1.0,0,0.000
8146,1CSPiece,2.0,0,0.000
8147,1ClFlat,1.0,2,3.260
8147,1ClFlat,2.0,0,0.000
8147,1CMAADCL,1.0,0,0.000
8147,1CSPiece,1.0,0,0.000
8147,1CSPiece,2.0,0,0.000
8148,1ClFlat,2.0,0,0.000
8148,1ClFlat,3.0,5,10.850
8148,1ClFlat,4.0,0,0.000
8148,1ClFlat,5.0,1,2.720
8148,1ClFlat,6.0,2,6.000
8148,1ClFlat,8.0,2,7.120
8148,1CMAADCL,1.0,0,0.000
8148,1CMAADCL,2.0,0,0.000
8148,1CSPiece,1.0,0,0.000
8148,1CSPiece,2.0,0,0.000
9125,NOCLASS,0.0,0,0.000
9125,1CSPiece,1.0,0,0.000
9125,OtherCls,1120.0,0,0.000
8164,NOCLASS,0.0,0,0.000
8164,1ClFlat,1.0,0,0.000
8164,1ClFlat,2.0,0,0.000
8164,1ClFlat,3.0,0,0.000
8164,1ClFlat,4.0,0,0.000
8164,1CNAPres,1.0,46,31.556
8164,1CNAPres,2.0,0,0.000
8164,1CSPiece,1.0,6,4.440
8164,1CSPiece,2.0,0,0.000
8164,OtherCls,1120.0,0,0.000
8020,1ClFlat,1.0,0,0.000
8020,1ClFlat,2.0,0,0.000
8020,1ClFlat,3.0,0,0.000
8020,1ClFlat,4.0,0,0.000
8020,1ClFlat,5.0,0,0.000
8020,1ClFlat,6.0,0,0.000
8020,1ClFlat,7.0,0,0.000
8020,1ClFlat,8.0,0,0.000
8020,1ClFlat,10.0,0,0.000
8020,1ClFlat,11.0,0,0.000
8020,1ClFlat,12.0,0,0.000
8020,1CMAADCL,1.0,0,0.000
8020,1CSPiece,1.0,0,0.000
8020,1CSPiece,2.0,0,0.000
8020,1CSPiece,3.0,0,0.000
9134,NOCLASS,4.0,0,0.000
9134,NOCLASS,8.0,0,0.000
9134,NOCLASS,16.0,0,0.000
9134,1ClFlat,1.0,0,0.000
9134,1ClFlat,2.0,2,3.800
9134,1ClFlat,3.0,0,0.000
9134,1ClFlat,4.0,1,2.440
9134,1ClFlat,5.0,0,0.000
9134,1ClFlat,6.0,0,0.000
9134,1ClFlat,7.0,0,0.000
9134,1ClFlat,10.0,0,0.000
9134,1ClFlat,11.0,0,0.000
9134,1ClFlat,12.0,0,0.000
9134,1ClFlat,13.0,0,0.000
9134,1CMAADCL,1.0,214,143.808
9134,1CMAADCL,2.0,0,0.000
9134,1CSPiece,1.0,2,20.880
9134,1CSPiece,2.0,0,0.000
9134,1CSPiece,3.0,0,0.000
9134,1stClNMLtr,1.0,0,0.000
9134,1stClNMLtr,2.0,0,0.000
9134,Int1stFl,3.0,0,0.000
9134,Int1stFl,4.0,0,0.000
9134,Int1stFl,12.0,0,0.000
9134,Int1stLt,1.0,6,10.200
9134,Int1stLt,2.0,0,0.000
9134,Int1stS,24.0,0,0.000
9134,OtherCls,1120.0,0,0.000
9134,PkgSRetG,32.0,0,0.000
9134,Priority,16.0,0,0.000
9109,1CSPiece,1.0,0,0.000
9138,NOCLASS,0.0,0,0.000
9138,1CSPiece,2.0,0,0.000
9138,OtherCls,1120.0,0,0.000
8026,1CA5DFlt,2.0,0,0.000
8026,1CAAADCL,1.0,0,0.000
8026,1ClFlat,1.0,1,1.630
8026,1ClFlat,2.0,0,0.000
8026,1ClFlat,3.0,0,0.000
8026,1ClFlat,4.0,0,0.000
8026,1ClFlat,5.0,0,0.000
8026,1ClFlat,6.0,0,0.000
8026,1ClFlat,7.0,0,0.000
8026,1ClFlat,8.0,0,0.000
8026,1ClFlat,10.0,0,0.000
8026,1ClFlat,12.0,0,0.000
8026,1CNAPres,1.0,99,67.914
8026,1CNAPres,2.0,0,0.000
8026,1CSPiece,1.0,0,0.000
8026,1CSPiece,2.0,0,0.000
8026,1stClNMLtr,1.0,1,1.230
8026,OtherCls,1120.0,1,1.014
8026,Priority,32.0,0,0.000
8026,Priority,48.0,0,0.000
8041,NOCLASS,0.0,0,0.000
8041,1CSPiece,1.0,0,0.000
8041,OtherCls,1120.0,0,0.000
8013,1CMAADCL,1.0,0,0.000
8013,1CSPiece,1.0,0,0.000
8013,OtherCls,1120.0,0,0.000
8012,OtherCls,1120.0,0,0.000
9141,OtherCls,1120.0,0,0.000
9158,1CSPiece,1.0,0,0.000
9158,1CSPiece,3.0,0,0.000
9158,OtherCls,1120.0,0,0.000
8278,NOCLASS,0.0,0,0.000
8278,1CAAADCL,1.0,0,0.000
8278,1ClFlat,1.0,1,1.630
8278,1CNAPres,1.0,0,0.000
8278,1CSPiece,1.0,11,8.140
8278,1CSPiece,2.0,0,0.000
8278,OtherCls,1120.0,0,0.000
8279,NOCLASS,8.0,0,0.000
8279,NOCLASS,12.0,0,0.000
8279,1CA5DFlt,2.0,0,0.000
8279,1CA5DFlt,3.0,0,0.000
8279,1ClFlat,2.0,0,0.000
8279,1ClFlat,3.0,0,0.000
8279,1ClFlat,4.0,0,0.000
8279,1ClFlat,5.0,0,0.000
8279,1ClFlat,6.0,0,0.000
8279,1ClFlat,7.0,0,0.000
8279,1ClFlat,11.0,0,0.000
8279,1ClFlat,12.0,0,0.000
8279,1CMAADCL,1.0,0,0.000
8279,1CSPiece,1.0,48,35.520
8279,1CSPiece,2.0,0,0.000
8279,PkgSRetG,64.0,0,0.000
8280,NOCLASS,4.0,0,0.000
8280,NOCLASS,8.0,0,0.000
8280,NOCLASS,16.0,0,0.000
8280,1CA5DFlt,2.0,0,0.000
8280,1CA5DFlt,4.0,0,0.000
8280,1ClFlat,1.0,0,0.000
8280,1ClFlat,2.0,0,0.000
8280,1ClFlat,3.0,0,0.000
8280,1ClFlat,4.0,0,0.000
8280,1ClFlat,8.0,0,0.000
8280,1ClFlat,11.0,0,0.000
8280,1CMAADCL,1.0,0,0.000
8280,1CSPiece,1.0,0,0.000
8280,1CSPiece,2.0,0,0.000
8280,1stClNMLtr,1.0,0,0.000
8280,1stClNMLtr,2.0,0,0.000
8280,Int1stS,16.0,0,0.000
8280,PkgSRetG,64.0,0,0.000
8280,Priority,96.0,0,0.000
8287,1CA5DFlt,1.0,0,0.000
8287,1ClFlat,4.0,0,0.000
8287,1ClFlat,5.0,0,0.000
8287,1ClFlat,7.0,0,0.000
8287,Int1stFl,5.0,0,0.000
8298,1ClFlat,2.0,0,0.000
8298,1ClFlat,3.0,0,0.000
8298,1ClFlat,4.0,0,0.000
8298,1ClFlat,5.0,0,0.000
8297,1CMAADCL,1.0,0,0.000
8297,1CMAADCL,2.0,0,0.000
8297,1CSPiece,1.0,0,0.000
8297,1CSPiece,2.0,0,0.000
8297,OtherCls,1120.0,0,0.000
5612,1ClFlat,2.0,0,0.000
5612,1ClFlat,3.0,0,0.000
5612,1CMAADCL,1.0,2,1.344
5612,1CMAADCL,2.0,18,12.096
5612,1CSPiece,1.0,0,0.000
5612,1CSPiece,2.0,0,0.000
5612,1stClNMLtr,2.0,0,0.000
5614,1CSPiece,1.0,0,0.000
5614,1CSPiece,2.0,0,0.000
5615,1CMAADCL,1.0,0,0.000
5615,1CMAADCL,2.0,0,0.000
5615,1CSPiece,1.0,0,0.000
5616,1ClFlat,3.0,0,0.000
5616,1ClFlat,4.0,0,0.000
5616,1CMAADCL,1.0,0,0.000
5616,1CMAADCL,2.0,0,0.000
5616,1CSPiece,1.0,0,0.000
4796,1ClFlat,2.0,0,0.000
4796,1ClFlat,3.0,0,0.000
4796,1CMAADCL,1.0,0,0.000
4799,1CMAADCL,2.0,0,0.000
4799,1CSPiece,1.0,0,0.000
4799,1CSPiece,1.0,0,0.000
4799,1CSPiece,2.0,0,0.000
4799,1ClFlat,3.0,0,0.000
4799,1ClFlat,5.0,0,0.000
4799,1ClFlat,7.0,0,0.000
4799,1CMAADCL,1.0,35,23.520
4799,1CMAADCL,2.0,0,0.000
4799,1CSPiece,1.0,0,0.000
4799,1CSPiece,2.0,0,0.000
5396,NOCLASS,0.0,0,0.000
5396,NOCLASS,4.0,0,0.000
5396,NOCLASS,16.0,0,0.000
5396,1CAAADCL,1.0,3,1.923
5396,1CAAADCL,2.0,20,12.820
5396,1CAAADCL,3.0,4,2.564
5396,1ClFlat,1.0,0,0.000
5396,1ClFlat,2.0,0,0.000
5396,1ClFlat,3.0,0,0.000
5396,1ClFlat,4.0,0,0.000
5396,1ClFlat,5.0,0,0.000
5396,1ClFlat,6.0,0,0.000
5396,1ClFlat,7.0,0,0.000
5396,1ClFlat,8.0,0,0.000
5396,1ClFlat,9.0,1,3.840
5396,1ClFlat,10.0,0,0.000
5396,1ClFlat,11.0,0,0.000
5396,1ClFlat,12.0,0,0.000
5396,1CMAADCL,1.0,0,0.000
5396,1CNAPres,1.0,0,0.000
5396,1CNAPres,2.0,0,0.000
5396,1CNAPres,3.0,0,0.000
5396,1CSPiece,1.0,0,0.000
5396,1CSPiece,2.0,0,0.000
5396,1CSPiece,3.0,1,1.320
5396,1CSPiece,3.0,1,1.320
5396,OtherCls,1120.0,0,0.000
5396,PkgSRetG,32.0,0,0.000
5396,PkgSRetG,48.0,0,0.000
5396,PkgSRetG,64.0,0,0.000
5396,Priority,16.0,0,0.000
5396,Priority,32.0,0,0.000
5396,Priority,48.0,0,0.000
5396,Priority,96.0,0,0.000
5398,NOCLASS,4.0,0,0.000
5398,1ClFlat,1.0,0,0.000
5398,1ClFlat,2.0,0,0.000
5398,1ClFlat,3.0,0,0.000
5398,1ClFlat,4.0,0,0.000
5398,1ClFlat,8.0,0,0.000
5398,1CNAPres,1.0,0,0.000
5398,1CNAPres,2.0,0,0.000
5398,1CNAPres,3.0,0,0.000
5398,1CNAPres,3.0,0,0.000
5398,1CSPiece,1.0,0,0.000
5398,1CSPiece,2.0,0,0.000
5398,1CSPiece,3.0,0,0.000
5398,OtherCls,1120.0,0,0.000
8304,NOCLASS,0.0,0,0.000
8304,1ClFlat,2.0,0,0.000
8304,1ClFlat,3.0,0,0.000
8304,1ClFlat,4.0,0,0.000
8304,1ClFlat,5.0,0,0.000
8304,1ClFlat,6.0,0,0.000
8304,1ClFlat,7.0,0,0.000
8304,1ClFlat,8.0,0,0.000
8304,1ClFlat,10.0,0,0.000
8304,1CSPiece,1.0,2,1.480
8304,1CSPiece,2.0,0,0.000
8304,Int1stLt,1.0,0,0.000
8304,OtherCls,1120.0,0,0.000
8288,1ClFlat,2.0,0,0.000
8288,1ClFlat,3.0,0,0.000
8288,1CMAADCL,1.0,0,0.000
8288,1CSPiece,1.0,0,0.000
8291,1ClFlat,2.0,0,0.000
8291,1ClFlat,4.0,0,0.000
8291,1ClFlat,7.0,0,0.000
8291,1CMAADCL,1.0,0,0.000
8291,1CMAADCL,2.0,0,0.000
8291,1CSPiece,1.0,2,6.780
8291,1CSPiece,2.0,2,2.060
8291,OtherCls,1120.0,0,0.000
8293,1ClFlat,1.0,0,0.000
8293,1ClFlat,6.0,0,0.000
8293,1CMAADCL,1.0,0,0.000
8293,1CSPiece,1.0,0,0.000
8300,1ClFlat,9.0,0,0.000
8300,1CMAADCL,1.0,0,0.000
8300,1CSPiece,1.0,15,11.100
8285,1ClFlat,3.0,0,0.000
8285,1ClFlat,4.0,1,2.440
8285,1CMAADCL,1.0,28,18.816
8285,1CMAADCL,3.0,0,0.000
8285,1CSPiece,1.0,11,17.840
8285,1CSPiece,2.0,1,1.030
8285,1CSPiece,3.0,0,0.000
8285,Int1stLt,1.0,0,0.000
8285,OtherCls,1120.0,0,0.000
8285,Priority,32.0,0,0.000
8307,NOCLASS,0.0,0,0.000
8307,1ClFlat,2.0,0,0.000
8307,1ClFlat,3.0,0,0.000
8307,1ClFlat,4.0,0,0.000
8307,1ClFlat,7.0,0,0.000
8307,1ClFlat,8.0,0,0.000
8307,1ClFlat,12.0,0,0.000
8307,1CMAADCL,1.0,0,0.000
8307,1CNAPres,1.0,0,0.000
8307,1CSPiece,1.0,0,0.000
8307,1CSPiece,2.0,0,0.000
8311,NOCLASS,0.0,0,0.000
8311,NOCLASS,4.0,0,0.000
8311,NOCLASS,16.0,0,0.000
8311,1ClFlat,1.0,0,0.000
8311,1ClFlat,2.0,8,15.200
8311,1ClFlat,3.0,4,8.680
8311,1ClFlat,4.0,3,7.320
8311,1ClFlat,5.0,0,0.000
8311,1ClFlat,6.0,1,3.000
8311,1ClFlat,7.0,0,0.000
8311,1ClFlat,8.0,1,3.560
8311,1ClFlat,9.0,0,0.000
8311,1ClFlat,10.0,0,0.000
8311,1ClFlat,11.0,0,0.000
8311,1ClFlat,12.0,0,0.000
8311,1ClFlat,13.0,0,0.000
8311,1CMAADCL,1.0,1332,895.104
8311,1CMAADCL,2.0,321,215.712
8311,1CNAPres,1.0,0,0.000
8311,1CSPiece,1.0,64,251.060
8311,1CSPiece,2.0,7,7.210
8311,1CSPiece,3.0,0,0.000
8311,1stClNMLtr,2.0,0,0.000
8311,1stClNMLtr,3.0,0,0.000
8311,1stClNMLtr,3.0,0,0.000
8311,OtherCls,1120.0,0,0.000
8311,PkgSRetG,32.0,0,0.000
8311,PkgSRetG,48.0,0,0.000
8311,Priority,16.0,0,0.000
8311,Priority,32.0,1,34.900
8311,Priority,48.0,0,0.000
8311,Priority,64.0,0,0.000
8023,NOCLASS,0.0,0,0.000
8023,NOCLASS,4.0,0,0.000
8023,NOCLASS,8.0,0,0.000
8023,NOCLASS,12.0,0,0.000
8023,NOCLASS,16.0,0,0.000
8023,1CA5DFlt,1.0,0,0.000
8023,1CA5DFlt,2.0,0,0.000
8023,1CA5DFlt,3.0,0,0.000
8023,1CA5DFlt,4.0,0,0.000
8023,1CA5DFlt,5.0,0,0.000
8023,1CA5DFlt,6.0,0,0.000
8023,1CA5DFlt,7.0,0,0.000
8023,1ClFlat,1.0,0,0.000
8023,1ClFlat,2.0,0,0.000
8023,1ClFlat,3.0,0,0.000
8023,1ClFlat,4.0,0,0.000
8023,1ClFlat,5.0,0,0.000
8023,1ClFlat,6.0,0,0.000
8023,1ClFlat,7.0,8,26.240
8023,1ClFlat,8.0,0,0.000
8023,1ClFlat,9.0,0,0.000
8023,1ClFlat,10.0,0,0.000
8023,1ClFlat,11.0,0,0.000
8023,1ClFlat,12.0,0,0.000
8023,1ClFlat,13.0,0,0.000
8023,1CMAADCL,1.0,0,0.000
8023,1CMAADCL,2.0,0,0.000
8023,1CSPiece,1.0,0,0.000
8023,1CSPiece,2.0,0,0.000
8023,1CSPiece,3.0,0,0.000
8023,1CSPiece,3.0,0,0.000
8023,OtherCls,1120.0,0,0.000
8023,PkgSRetG,32.0,0,0.000
8023,PkgSRetG,64.0,0,0.000
9206,1CSPiece,1.0,0,0.000
9206,OtherCls,1120.0,0,0.000
8354,NOCLASS,12.0,0,0.000
8354,NOCLASS,16.0,0,0.000
8354,1ClFlat,1.0,1,1.630
8354,1ClFlat,2.0,1,11.600
8354,1ClFlat,3.0,3,6.510
8354,1ClFlat,4.0,0,0.000
8354,1ClFlat,5.0,0,0.000
8354,1ClFlat,6.0,0,0.000
8354,1ClFlat,7.0,0,0.000
8354,1ClFlat,8.0,0,0.000
8354,1ClFlat,9.0,0,0.000
8354,1ClFlat,10.0,0,0.000
8354,1ClFlat,11.0,0,0.000
8354,1ClFlat,12.0,0,0.000
8354,1ClFlat,13.0,0,0.000
8354,1CNAPres,1.0,61,41.846
8354,1CNAPres,2.0,0,0.000
8354,1CSPiece,1.0,1,8.860
8354,1CSPiece,2.0,0,0.000
8354,1CSPiece,3.0,0,0.000
8354,OtherCls,1120.0,0,0.000
8354,PkgSRetG,32.0,0,0.000
8354,PkgSRetG,80.0,0,0.000
8354,Priority,16.0,0,0.000
8354,Priority,32.0,0,0.000
8354,Priority,48.0,0,0.000
8354,Priority,64.0,0,0.000
8354,Priority,80.0,0,0.000
8354,Priority,112.0,0,0.000
8354,Priority,128.0,0,0.000
8354,Priority,144.0,0,0.000
8354,Priority,192.0,0,0.000
8354,Priority,336.0,0,0.000
8006,1CSPiece,1.0,0,0.000
8006,OtherCls,1120.0,0,0.000
9114,1CSPiece,1.0,0,0.000
9114,OtherCls,1120.0,0,0.000
9112,1CA5DFlt,1.0,0,0.000
9112,1CA5DFlt,2.0,0,0.000
9112,1CA5DFlt,3.0,0,0.000
9112,1CA5DFlt,4.0,0,0.000
9112,1CA5DFlt,5.0,0,0.000
9112,1CA5DFlt,7.0,0,0.000
9112,1CA5DFlt,8.0,0,0.000
9112,1ClFlat,1.0,0,0.000
9112,1ClFlat,2.0,0,0.000
9112,1ClFlat,3.0,0,0.000
9187,NOCLASS,0.0,0,0.000
9187,1CNAPres,1.0,63,43.218
8351,OtherCls,1120.0,0,0.000
9146,NOCLASS,0.0,0,0.000
9146,1CNAPres,1.0,0,0.000
9146,1CSPiece,1.0,0,0.000
9146,OtherCls,1120.0,0,0.000
9213,1CNAPres,1.0,0,0.000
9213,1CNAPres,2.0,0,0.000
9213,1CNAPres,3.0,0,0.000
9213,OtherCls,1120.0,0,0.000
9166,NOCLASS,0.0,0,0.000
9166,1CA5DFlt,3.0,0,0.000
9166,1CMAADCL,1.0,209,140.448
9166,1CNAPres,1.0,0,0.000
9166,Int1stFl,3.0,0,0.000
9166,OtherCls,1120.0,0,0.000
9170,1CNAPres,1.0,0,0.000
8365,NOCLASS,0.0,0,0.000
8365,1CA5DLet,1.0,0,0.000
8365,1CA5DLet,2.0,0,0.000
8365,1CAAADCL,1.0,0,0.000
8365,1CNAPres,1.0,0,0.000
8365,OtherCls,1120.0,0,0.000
8366,1CMAADCL,0.0,0,0.000
8366,1CMAADCL,1.0,0,0.000
8366,OtherCls,1120.0,0,0.000
8367,NOCLASS,0.0,0,0.000
8367,OtherCls,1120.0,0,0.000
8021,NOCLASS,0.0,0,0.000
8021,1CNAPres,1.0,13,8.918
8021,1CSPiece,1.0,0,0.000
9219,NOCLASS,0.0,0,0.000
9219,NOCLASS,16.0,0,0.000
9219,1CA5DFlt,1.0,0,0.000
9219,1CA5DFlt,2.0,0,0.000
9219,1CA5DFlt,3.0,0,0.000
9219,1CA5DFlt,4.0,0,0.000
9219,1CA5DFlt,5.0,0,0.000
9219,1CA5DFlt,6.0,0,0.000
9219,1CA5DFlt,7.0,0,0.000
9219,1CA5DFlt,8.0,0,0.000
9219,1CA5DFlt,9.0,0,0.000
9219,1CA5DFlt,10.0,0,0.000
9219,1CAAADCL,1.0,0,0.000
9219,1CAAADCL,2.0,0,0.000
9219,1CAAADCL,3.0,0,0.000
9219,1ClFlat,3.0,0,0.000
9219,1ClFlat,4.0,0,0.000
9219,1ClFlat,5.0,0,0.000
9219,1ClFlat,7.0,0,0.000
9219,1ClFlat,8.0,0,0.000
9219,1ClFlat,9.0,0,0.000
9219,1ClFlat,10.0,0,0.000
9219,1ClFlat,11.0,0,0.000
9219,1CSPiece,1.0,4,2.960
9219,1CSPiece,2.0,0,0.000
9219,1CSPiece,3.0,0,0.000
9219,Int1stLt,1.0,0,0.000
9219,Int1stLt,2.0,0,0.000
9219,Int1stLt,3.0,0,0.000
9219,OtherCls,1120.0,6,6.084
9087,NOCLASS,0.0,0,0.000
9087,NOCLASS,4.0,0,0.000
9087,NOCLASS,8.0,0,0.000
9087,1ClFlat,2.0,1,1.900
9087,1ClFlat,3.0,0,0.000
9087,1ClFlat,4.0,0,0.000
9087,1ClFlat,5.0,0,0.000
9087,1ClFlat,7.0,0,0.000
9087,1ClFlat,8.0,0,0.000
9087,1ClFlat,10.0,0,0.000
9087,1CMAADCL,1.0,129,86.688
9087,1CMAADCL,2.0,0,0.000
9087,1CSPiece,1.0,3,2.090
9087,1CSPiece,2.0,1,1.030
9087,1CSPiece,3.0,0,0.000
9087,1stClNMLtr,2.0,0,0.000
9087,1stClNMLtr,3.0,0,0.000
9087,OtherCls,1120.0,0,0.000
9087,Priority,80.0,0,0.000
9168,NOCLASS,0.0,0,0.000
9168,1CMAADCL,0.0,0,0.000
9168,1CMAADCL,1.0,0,0.000
9168,1CSPiece,1.0,0,0.000
9168,OtherCls,1120.0,0,0.000
8047,1CSPiece,1.0,0,0.000
8047,OtherCls,1120.0,0,0.000
9330,NOCLASS,0.0,0,0.000
9330,1CMAADCL,2.0,0,0.000
9330,1CSPiece,1.0,0,0.000
9330,1CSPiece,2.0,0,0.000
9330,1ClFlat,3.0,0,0.000
9330,1ClFlat,5.0,0,0.000
9362,NOCLASS,0.0,0,0.000
9362,1CNAPres,1.0,0,0.000
9362,1CSPiece,1.0,0,0.000
3742,PkgSLiSP,96.0,0,0.000
9368,NOCLASS,0.0,0,0.000
9368,1CA5DFlt,3.0,0,0.000
9368,1CA5DFlt,4.0,0,0.000
9368,1CA5DFlt,5.0,0,0.000
9368,1CA5DFlt,6.0,0,0.000
9368,1CA5DFlt,7.0,0,0.000
9368,1CA5DFlt,8.0,0,0.000
9368,1CA5DFlt,9.0,0,0.000
9368,1CA5DFlt,10.0,0,0.000
9368,1ClFlat,2.0,0,0.000
9368,1ClFlat,3.0,0,0.000
9368,1ClFlat,4.0,0,0.000
9368,1ClFlat,5.0,0,0.000
9368,1ClFlat,9.0,0,0.000
9368,1ClFlat,11.0,0,0.000
9368,1ClFlat,12.0,0,0.000
9368,1ClFlat,13.0,0,0.000
9368,1CNAPres,1.0,0,0.000
9368,1CNAPres,2.0,0,0.000
9368,1CNAPres,3.0,0,0.000
9368,1CSPiece,1.0,0,0.000
9368,OtherCls,1120.0,0,0.000
9374,NOCLASS,16.0,0,0.000
9374,1ClFlat,1.0,0,0.000
9374,1ClFlat,4.0,0,0.000
9374,1ClFlat,7.0,0,0.000
9374,1CSPiece,1.0,0,0.000
9400,1CMAADCL,1.0,0,0.000
9400,1CSPiece,1.0,0,0.000
9400,1CSPiece,2.0,0,0.000
3809,NOCLASS,0.0,337,231.182
3809,1CNAPres,1.0,357,244.902
3809,1CSPiece,1.0,0,0.000
3809,OtherCls,1120.0,6,6.084
9437,OtherCls,1120.0,0,0.000
9506,1CA5DFlt,4.0,0,0.000
9506,1CA5DFlt,7.0,0,0.000
9506,1CA5DFlt,8.0,0,0.000
9506,1ClFlat,1.0,0,0.000
9506,1ClFlat,2.0,0,0.000
9506,1ClFlat,3.0,0,0.000
9506,1ClFlat,4.0,0,0.000
9506,1ClFlat,5.0,0,0.000
9506,1ClFlat,6.0,1,3.000
9506,1ClFlat,7.0,9,29.520
9506,1ClFlat,8.0,4,14.240
9506,1ClFlat,9.0,0,0.000
9506,1ClFlat,10.0,0,0.000
9506,1ClFlat,11.0,1,4.440
9506,1ClFlat,12.0,0,0.000
9506,1ClFlat,13.0,0,0.000
9506,1CNAPres,1.0,551,377.986
9506,1CNAPres,2.0,0,0.000
9506,1CSPiece,1.0,0,0.000
9506,1CSPiece,2.0,0,0.000
9506,1CSPiece,3.0,0,0.000
9506,1stClNMLtr,1.0,0,0.000
9506,OtherCls,1120.0,0,0.000
9506,PkgSRetG,32.0,0,0.000
9506,Priority,32.0,0,0.000
9513,NOCLASS,16.0,0,0.000
9513,1CA5DFlt,1.0,0,0.000
9513,1CA5DFlt,2.0,0,0.000
9513,1CA5DFlt,3.0,0,0.000
9513,1CA5DFlt,4.0,0,0.000
9513,1CA5DFlt,5.0,0,0.000
9513,1CA5DFlt,6.0,0,0.000
9513,1CA5DFlt,7.0,0,0.000
9513,1CA5DFlt,8.0,0,0.000
9513,1CA5DFlt,9.0,0,0.000
9513,1CA5DFlt,10.0,0,0.000
9513,1ClFlat,2.0,0,0.000
9513,1ClFlat,3.0,1,2.170
9513,1ClFlat,4.0,0,0.000
9513,1ClFlat,5.0,0,0.000
9513,1ClFlat,7.0,0,0.000
9513,1ClFlat,9.0,0,0.000
9513,1ClFlat,11.0,0,0.000
9513,1ClFlat,12.0,0,0.000
9513,1CNAPres,1.0,0,0.000
9513,1CNAPres,2.0,0,0.000
9513,1CSPiece,1.0,8,5.920
9513,1CSPiece,2.0,0,0.000
9513,1CSPiece,3.0,0,0.000
9513,OtherCls,1120.0,0,0.000
9523,NOCLASS,0.0,0,0.000
9523,1CA3DPcl,1.0,0,0.000
9523,1CA5DFlt,1.0,0,0.000
9523,1CA5DFlt,2.0,1,1.240
9523,1CA5DFlt,3.0,0,0.000
9523,1CA5DFlt,4.0,0,0.000
9523,1CA5DFlt,6.0,0,0.000
9523,1CA5DFlt,9.0,0,0.000
9523,1ClFlat,1.0,0,0.000
9523,1ClFlat,2.0,7,13.300
9523,1ClFlat,3.0,0,0.000
9523,1ClFlat,4.0,0,0.000
9523,1ClFlat,5.0,1,2.720
9523,1ClFlat,6.0,0,0.000
9523,1ClFlat,7.0,0,0.000
9523,1ClFlat,9.0,0,0.000
9523,1ClFlat,10.0,0,0.000
9523,1ClFlat,11.0,0,0.000
9523,1ClFlat,12.0,0,0.000
9523,1CNAPres,1.0,838,574.868
9523,1CNAPres,2.0,20,13.720
9523,1CNAPres,3.0,0,0.000
9523,1CSPiece,1.0,53,485.420
9523,1CSPiece,2.0,40,429.200
9523,1CSPiece,3.0,0,0.000
9523,1stClNMLtr,1.0,17,20.910
9523,1stClNMLtr,2.0,3,4.560
9523,OtherCls,1120.0,0,0.000
9518,1CSPiece,1.0,0,0.000
9518,OtherCls,1120.0,0,0.000
9567,NOCLASS,0.0,0,0.000
9567,1CA5DFlt,3.0,0,0.000
9567,1CA5DFlt,4.0,4,7.120
9567,1CA5DFlt,5.0,3,6.180
9567,1CA5DFlt,6.0,3,7.020
9567,1CA5DFlt,7.0,0,0.000
9567,1CA5DFlt,8.0,0,0.000
9567,1CA5DFlt,9.0,0,0.000
9567,1CA5DFlt,10.0,0,0.000
9567,1ClFlat,2.0,0,0.000
9567,1ClFlat,3.0,0,0.000
9567,1ClFlat,4.0,0,0.000
9567,1ClFlat,5.0,0,0.000
9567,1ClFlat,7.0,0,0.000
9567,1CNAPres,1.0,64,43.904
9567,1CNAPres,2.0,103,70.658
9567,1CNAPres,3.0,0,0.000
9567,1CSPiece,1.0,48,35.520
9567,1CSPiece,2.0,0,0.000
9567,1CSPiece,3.0,0,0.000
9567,OtherCls,1120.0,8,33.600
9568,1CA5DFlt,1.0,0,0.000
9568,1CA5DFlt,2.0,0,0.000
9568,1CA5DFlt,3.0,0,0.000
9568,1ClFlat,2.0,0,0.000
9568,1ClFlat,4.0,0,0.000
9568,1ClFlat,6.0,0,0.000
9568,1CMAADCL,1.0,0,0.000
9568,1CNAPres,1.0,0,0.000
9568,1CNAPres,2.0,0,0.000
9568,1CSPiece,1.0,1,0.740
9568,Int1stFl,2.0,0,0.000
9568,Int1stFl,3.0,0,0.000
9569,NOCLASS,0.0,0,0.000
9569,1ClFlat,4.0,0,0.000
9569,1ClFlat,8.0,0,0.000
9569,1CNAPres,1.0,24,16.464
9569,1CNAPres,2.0,0,0.000
9569,1CSPiece,1.0,0,0.000
9583,1CAAADCL,2.0,0,0.000
9583,1ClFlat,1.0,0,0.000
9583,1ClFlat,2.0,0,0.000
9583,1ClFlat,3.0,0,0.000
9583,1ClFlat,4.0,0,0.000
9583,1ClFlat,6.0,0,0.000
9583,1ClFlat,8.0,0,0.000
9583,1CNAPres,1.0,136,93.296
9583,1CNAPres,2.0,0,0.000
9583,1CSPiece,1.0,0,0.000
9583,1CSPiece,2.0,0,0.000
9583,1CSPiece,3.0,0,0.000
9583,1stClNMLtr,3.0,0,0.000
9583,OtherCls,1120.0,0,0.000
9634,1ClFlat,3.0,1,2.170
9634,1ClFlat,4.0,0,0.000
9634,1ClFlat,5.0,0,0.000
9634,1ClFlat,6.0,0,0.000
9634,1ClFlat,11.0,0,0.000
9642,NOCLASS,4.0,0,0.000
9642,NOCLASS,8.0,0,0.000
9642,NOCLASS,16.0,0,0.000
9642,1CA5DFlt,1.0,0,0.000
9642,1CA5DFlt,2.0,1,1.240
9642,1CA5DFlt,3.0,4,6.040
9642,1CA5DFlt,4.0,1,1.780
9642,1CA5DFlt,5.0,3,6.180
9642,1CA5DFlt,6.0,2,4.680
9642,1CA5DFlt,7.0,1,2.620
9642,1CA5DFlt,8.0,0,0.000
9642,1CA5DFlt,9.0,0,0.000
9642,1CA5DFlt,10.0,1,3.480
9642,1CA5DFlt,11.0,0,0.000
9642,1CA5DFlt,12.0,0,0.000
9642,1ClFlat,1.0,2,3.260
9642,1ClFlat,2.0,19,36.100
9642,1ClFlat,3.0,18,39.060
9642,1ClFlat,4.0,18,43.920
9642,1ClFlat,5.0,3,8.160
9642,1ClFlat,6.0,2,6.000
9642,1ClFlat,7.0,2,6.560
9642,1ClFlat,8.0,2,7.120
9642,1ClFlat,9.0,2,7.680
9642,1ClFlat,10.0,0,0.000
9642,1ClFlat,11.0,0,0.000
9642,1ClFlat,12.0,1,4.740
9642,1ClFlat,13.0,1,5.040
9642,1CNAPres,1.0,1092,749.112
9642,1CNAPres,2.0,828,568.008
9642,1CNAPres,3.0,0,0.000
9642,1CNAPres,3.0,0,0.000
9642,1CSPiece,1.0,34,25.160
9642,1CSPiece,2.0,48,49.440
9642,1CSPiece,3.0,3,3.960
9642,1CSPiece,3.0,3,3.960
9642,1stClNMLtr,1.0,0,0.000
9642,1stClNMLtr,2.0,5,7.600
9642,1stClNMLtr,3.0,0,0.000
9642,1stClNMLtr,3.0,0,0.000
9642,Int1stLt,1.0,0,0.000
9642,OtherCls,1120.0,0,0.000
9642,PkgSRetG,32.0,0,0.000
9642,PkgSRetG,48.0,0,0.000
9642,PkgSRetG,64.0,0,0.000
9642,Priority,16.0,0,0.000
9642,Priority,32.0,0,0.000
9642,Priority,64.0,0,0.000
9636,NOCLASS,4.0,0,0.000
9636,NOCLASS,8.0,0,0.000
9636,1CA5DFlt,1.0,0,0.000
9636,1CA5DFlt,3.0,0,0.000
9636,1CA5DFlt,4.0,0,0.000
9636,1CA5DFlt,5.0,0,0.000
9636,1ClFlat,1.0,0,0.000
9636,1ClFlat,2.0,0,0.000
9636,1ClFlat,3.0,0,0.000
9636,1ClFlat,4.0,0,0.000
9636,1ClFlat,5.0,0,0.000
9636,1ClFlat,6.0,0,0.000
9636,1ClFlat,7.0,0,0.000
9636,1ClFlat,11.0,0,0.000
9636,1CSPiece,2.0,0,0.000
9636,Int1stFl,1.0,0,0.000
9636,OtherCls,1120.0,0,0.000
9636,PkgSRetG,32.0,0,0.000
9636,PkgSRetG,64.0,0,0.000
9652,NOCLASS,4.0,0,0.000
9652,NOCLASS,12.0,0,0.000
9652,NOCLASS,16.0,0,0.000
9652,1CA5DFlt,1.0,0,0.000
9652,1CA5DFlt,2.0,0,0.000
9652,1CA5DFlt,3.0,0,0.000
9652,1CA5DFlt,4.0,0,0.000
9652,1CA5DFlt,5.0,0,0.000
9652,1CA5DFlt,6.0,0,0.000
9652,1CA5DFlt,7.0,0,0.000
9652,1CA5DFlt,9.0,0,0.000
9652,1ClFlat,1.0,0,0.000
9652,1ClFlat,2.0,6,11.400
9652,1ClFlat,3.0,0,0.000
9652,1ClFlat,4.0,0,0.000
9652,1ClFlat,5.0,0,0.000
9652,1ClFlat,6.0,0,0.000
9652,1ClFlat,7.0,0,0.000
9652,1ClFlat,8.0,0,0.000
9652,1ClFlat,9.0,0,0.000
9652,1ClFlat,10.0,0,0.000
9652,1ClFlat,11.0,0,0.000
9652,1ClFlat,12.0,0,0.000
9652,1ClFlat,13.0,0,0.000
9652,1CNAPres,1.0,0,0.000
9652,1CSPiece,1.0,0,0.000
9652,1CSPiece,2.0,0,0.000
9652,1CSPiece,3.0,0,0.000
9652,PkgSRetG,32.0,0,0.000
9652,PkgSRetG,48.0,0,0.000
9652,Priority,16.0,0,0.000
9652,Priority,32.0,0,0.000
9652,Priority,1120.0,0,0.000
3750,1CA5DFlt,1.0,0,0.000
3750,1CA5DFlt,2.0,0,0.000
3750,1CA5DFlt,3.0,16,24.160
3750,1CA5DFlt,4.0,22,39.160
3750,1CA5DFlt,5.0,25,51.500
3750,1CA5DFlt,6.0,6,14.040
3750,1CA5DFlt,7.0,1,2.620
3750,1CA5DFlt,8.0,0,0.000
3750,1CA5DFlt,9.0,0,0.000
3750,1ClFlat,2.0,0,0.000
3750,1ClFlat,3.0,0,0.000
3750,1ClFlat,4.0,0,0.000
3750,1ClFlat,5.0,0,0.000
3750,1ClFlat,6.0,0,0.000
3750,1ClFlat,8.0,0,0.000
9689,NOCLASS,0.0,0,0.000
9689,1CNAPres,1.0,0,0.000
9689,1CSPiece,1.0,0,0.000
9689,1CSPiece,2.0,0,0.000
0597,NOCLASS,0.0,35,23.520
0597,1CMAADCL,0.0,0,0.000
0597,1CMAADCL,1.0,275,184.800
0597,1CNAPres,1.0,0,0.000
0597,1CSPiece,1.0,2,1.480
0597,1CSPiece,2.0,0,0.000
0597,OtherCls,1120.0,0,0.000
0623,NOCLASS,0.0,3049,2048.928
0623,1CMAADCL,0.0,0,0.000
0623,1CMAADCL,1.0,105,70.560
0623,1CMAADCL,2.0,0,0.000
0623,1CSPiece,1.0,1,0.740
0605,1ClFlat,1.0,0,0.000
0605,1CNAPres,1.0,0,0.000
0605,1CSPiece,1.0,0,0.000
0605,OtherCls,1120.0,0,0.000
0622,NOCLASS,0.0,0,0.000
0622,1CA5DFlt,3.0,0,0.000
0622,1CA5DFlt,4.0,0,0.000
0622,1CA5DFlt,5.0,0,0.000
0622,1CA5DFlt,6.0,0,0.000
0622,1ClFlat,3.0,5,10.850
0622,1ClFlat,4.0,0,0.000
0622,1ClFlat,5.0,0,0.000
0622,1ClFlat,6.0,2,6.000
0622,Int1stFl,4.0,0,0.000
0622,Int1stLt,1.0,0,0.000
5602,1CMAADCL,1.0,0,0.000
5602,1CSPiece,1.0,0,0.000
5604,1CMAADCL,1.0,2,1.344
5604,1CMAADCL,3.0,0,0.000
5604,1CSPiece,1.0,0,0.000
5604,1CSPiece,2.0,0,0.000
5604,1CSPiece,3.0,0,0.000
5018,1CA5DFlt,1.0,0,0.000
5018,1CA5DFlt,2.0,0,0.000
5018,1CA5DFlt,3.0,0,0.000
5018,1CA5DFlt,4.0,0,0.000
5018,1CA5DFlt,5.0,0,0.000
5018,1CA5DFlt,6.0,0,0.000
5018,1CA5DFlt,7.0,0,0.000
5018,1CA5DFlt,8.0,0,0.000
5018,1CA5DFlt,9.0,0,0.000
5018,1CA5DFlt,10.0,0,0.000
5018,1CA5DFlt,11.0,0,0.000
5018,1ClFlat,4.0,0,0.000
5018,1ClFlat,8.0,0,0.000
5018,1ClFlat,9.0,0,0.000
5018,1ClFlat,10.0,0,0.000
5018,1ClFlat,11.0,0,0.000
5018,1ClFlat,12.0,0,0.000
5018,OtherCls,1120.0,0,0.000
5019,NOCLASS,0.0,0,0.000
5019,1CA5DFlt,1.0,0,0.000
5019,1CA5DFlt,2.0,0,0.000
5019,1CA5DFlt,3.0,0,0.000
5019,1CA5DFlt,4.0,0,0.000
5019,1CA5DFlt,5.0,0,0.000
5019,1CA5DFlt,6.0,0,0.000
5019,1CA5DFlt,7.0,0,0.000
5019,1CA5DFlt,8.0,0,0.000
5019,1CA5DFlt,9.0,0,0.000
5019,1CA5DFlt,10.0,0,0.000
5019,1CA5DFlt,12.0,0,0.000
5019,1ClFlat,1.0,0,0.000
5019,1ClFlat,2.0,0,0.000
5019,1ClFlat,3.0,0,0.000
5019,1ClFlat,4.0,0,0.000
5019,1ClFlat,5.0,0,0.000
5019,1ClFlat,6.0,0,0.000
5019,1ClFlat,7.0,0,0.000
5019,1ClFlat,8.0,0,0.000
5019,1ClFlat,9.0,0,0.000
5019,1ClFlat,10.0,0,0.000
5019,1ClFlat,11.0,0,0.000
5019,1ClFlat,12.0,0,0.000
5019,1ClFlat,13.0,0,0.000
5019,1CSPiece,1.0,0,0.000
5019,1CSPiece,2.0,0,0.000
5019,1CSPiece,3.0,0,0.000
5019,1CSPiece,3.0,0,0.000
5020,NOCLASS,0.0,71,0.000
5020,NOCLASS,16.0,0,0.000
5020,1CA5DFlt,1.0,8,7.760
5020,1CA5DFlt,2.0,31,38.440
5020,1CA5DFlt,3.0,21,31.710
5020,1CA5DFlt,4.0,5,8.900
5020,1CA5DFlt,5.0,5,10.300
5020,1CA5DFlt,6.0,12,28.080
5020,1CA5DFlt,7.0,4,10.480
5020,1CA5DFlt,8.0,0,0.000
5020,1CA5DFlt,9.0,0,0.000
5020,1CA5DFlt,10.0,0,0.000
5020,1CA5DFlt,11.0,0,0.000
5020,1CA5DFlt,12.0,0,0.000
5020,1ClFlat,1.0,0,0.000
5020,1ClFlat,2.0,1,1.900
5020,1ClFlat,3.0,0,0.000
5020,1ClFlat,4.0,0,0.000
5020,1ClFlat,5.0,0,0.000
5020,1ClFlat,6.0,60,180.000
5020,1ClFlat,7.0,0,0.000
5020,1ClFlat,8.0,0,0.000
5020,1ClFlat,9.0,0,0.000
5020,1ClFlat,10.0,0,0.000
5020,1ClFlat,11.0,0,0.000
5020,1ClFlat,12.0,0,0.000
5020,1ClFlat,13.0,0,0.000
5020,1CNAPres,1.0,0,0.000
5020,1CSPiece,1.0,0,0.000
5020,1CSPiece,2.0,2,2.060
5020,PkgSRetG,32.0,0,0.000
5020,Priority,16.0,0,0.000
5013,1CSPiece,1.0,0,0.000
5014,1CNAPres,1.0,0,0.000
5014,1CNAPres,3.0,0,0.000
5014,1CSPiece,1.0,0,0.000
4788,1CMAADCL,1.0,0,0.000
5055,NOCLASS,16.0,0,0.000
5055,1CA5DFlt,1.0,0,0.000
5055,1CA5DFlt,2.0,0,0.000
5055,1CA5DFlt,3.0,0,0.000
5055,1CA5DFlt,4.0,0,0.000
5055,1CA5DFlt,5.0,0,0.000
5055,1CA5DFlt,6.0,0,0.000
5055,1CA5DFlt,7.0,0,0.000
5055,1CA5DFlt,8.0,0,0.000
5055,1CA5DFlt,9.0,0,0.000
5055,1CA5DFlt,10.0,0,0.000
5055,1ClFlat,7.0,0,0.000
5055,1ClFlat,8.0,0,0.000
5055,1ClFlat,9.0,0,0.000
5055,1ClFlat,10.0,0,0.000
5055,1ClFlat,11.0,0,0.000
5055,1ClFlat,12.0,0,0.000
5055,1ClFlat,13.0,0,0.000
4791,1ClFlat,3.0,0,0.000
4791,1ClFlat,4.0,0,0.000
4791,1CMAADCL,1.0,12,8.064
4791,1CSPiece,3.0,0,0.000
4791,NOCLASS,0.0,0,0.000
4791,Int1stLt,1.0,1,1.700
4791,Int1stLt,2.0,0,0.000
0738,Int1stLt,1.0,0,0.000
3820,OtherCls,1120.0,0,0.000
3820,Priority,16.0,0,0.000
3820,Priority,32.0,0,0.000
3820,Priority,48.0,0,0.000
3820,Priority,64.0,0,0.000
3820,Priority,80.0,0,0.000
3820,Priority,96.0,0,0.000
3820,Priority,112.0,0,0.000
3820,Priority,256.0,0,0.000
3820,Priority,336.0,0,0.000
3820,Priority,1120.0,0,0.000
3820,NOCLASS,0.0,829,0.000
3822,NOCLASS,0.0,0,0.000
3822,Int1stLt,1.0,0,0.000
3827,1ClFlat,12.0,0,0.000
3827,1CSPiece,1.0,0,0.000
3827,PkgSLiSP,16.0,0,0.000
3827,PkgSLiSP,32.0,0,0.000
3827,PkgSLiSP,48.0,0,0.000
3827,PkgSLiSP,64.0,0,0.000
3827,PkgSLiSP,80.0,0,0.000
3827,PkgSLiSP,96.0,0,0.000
3827,PkgSLiSP,112.0,0,0.000
3827,PkgSLiSP,128.0,0,0.000
3827,PkgSLiSP,176.0,0,0.000
3815,NOCLASS,0.0,0,0.000
3815,1CNAPres,1.0,0,0.000
9538,NOCLASS,0.0,0,0.000
9538,OtherCls,1120.0,0,0.000
4812,1CA5DFlt,3.0,0,0.000
4812,1CMAADCL,1.0,0,0.000
4814,NOCLASS,0.0,0,0.000
4814,1CMAADCL,1.0,0,0.000
9543,1CA5DFlt,2.0,0,0.000
9543,1CA5DFlt,3.0,0,0.000
9543,1CA5DFlt,4.0,0,0.000
9543,1CA5DFlt,6.0,0,0.000
9543,1CA5DFlt,7.0,0,0.000
9543,1CA5DFlt,8.0,0,0.000
9543,1CA5DFlt,10.0,0,0.000
9543,1ClFlat,5.0,0,0.000
9543,1ClFlat,6.0,0,0.000
9543,1ClFlat,7.0,0,0.000
9639,NOCLASS,0.0,0,0.000
9639,NOCLASS,4.0,0,0.000
9639,NOCLASS,8.0,0,0.000
9639,NOCLASS,12.0,0,0.000
9639,NOCLASS,16.0,0,0.000
9639,1CA5DFlt,1.0,209,202.730
9639,1CA5DFlt,2.0,234,290.160
9639,1CA5DFlt,3.0,357,539.070
9639,1CA5DFlt,4.0,134,238.520
9639,1CA5DFlt,5.0,32,65.920
9639,1CA5DFlt,6.0,25,58.500
9639,1CA5DFlt,7.0,14,36.680
9639,1CA5DFlt,8.0,14,40.600
9639,1CA5DFlt,9.0,3,9.540
9639,1CA5DFlt,10.0,1,3.480
9639,1CA5DFlt,11.0,0,0.000
9639,1CA5DFlt,12.0,3,12.240
9639,1CA5DFlt,13.0,0,0.000
9639,1ClFlat,1.0,2,3.260
9639,1ClFlat,2.0,4,7.600
9639,1ClFlat,3.0,11,23.870
9639,1ClFlat,4.0,5,12.200
9639,1ClFlat,5.0,7,19.040
9639,1ClFlat,6.0,7,21.000
9639,1ClFlat,7.0,14,45.920
9639,1ClFlat,8.0,4,14.240
9639,1ClFlat,9.0,8,30.720
9639,1ClFlat,10.0,9,37.260
9639,1ClFlat,11.0,4,17.760
9639,1ClFlat,12.0,0,0.000
9639,1ClFlat,13.0,3,15.120
9639,1CSPiece,1.0,0,0.000
9639,1CSPiece,2.0,0,0.000
9639,1CSPiece,3.0,0,0.000
9639,1CSPiece,3.0,0,0.000
9639,Int1stFl,12.0,0,0.000
9639,OtherCls,1120.0,0,0.000
9639,PkgSLiSP,16.0,0,0.000
9639,PkgSRetG,32.0,0,0.000
9639,PkgSRetG,48.0,0,0.000
9639,PkgSRetG,64.0,0,0.000
9639,PkgSRetG,96.0,0,0.000
9639,PkgSRetG,128.0,0,0.000
9639,PkgSRetG,144.0,0,0.000
9639,Priority,16.0,2,22.000
9639,Priority,32.0,0,0.000
9639,Priority,48.0,0,0.000
9639,Priority,64.0,0,0.000
9639,Priority,112.0,0,0.000
9639,Priority,1120.0,0,0.000
3834,NOCLASS,0.0,0,0.000
0617,NOCLASS,0.0,286,1.372
0617,1CA5DFlt,2.0,0,0.000
0617,1CA5DFlt,3.0,0,0.000
0617,1CA5DFlt,4.0,0,0.000
0617,1CA5DFlt,5.0,0,0.000
0617,1CA5DFlt,6.0,0,0.000
0617,1ClFlat,3.0,0,0.000
0617,1ClFlat,6.0,0,0.000
0617,1CNAPres,1.0,4,2.744
0617,1CNAPres,2.0,0,0.000
0617,1CSPiece,2.0,0,0.000
0617,OtherCls,1120.0,0,0.000
3840,NOCLASS,0.0,0,0.000
3840,1ClFlat,1.0,1,1.630
3840,1ClFlat,2.0,0,0.000
3840,1ClFlat,3.0,0,0.000
3840,1ClFlat,4.0,4,9.760
3840,1ClFlat,5.0,1,12.420
3840,1ClFlat,7.0,0,0.000
3840,1ClFlat,8.0,0,0.000
3840,1ClFlat,9.0,0,0.000
3840,1ClFlat,10.0,0,0.000
3840,1CMAADCL,1.0,31,20.832
3840,1CMAADCL,2.0,0,0.000
3840,1CSPiece,1.0,0,0.000
3840,1CSPiece,2.0,0,0.000
3840,1CSPiece,3.0,0,0.000
3840,1stClNMLtr,1.0,0,0.000
3840,1stClNMLtr,2.0,0,0.000
3840,OtherCls,1120.0,0,0.000
3841,NOCLASS,4.0,0,0.000
3841,1ClFlat,3.0,0,0.000
3841,1ClFlat,4.0,0,0.000
3841,1CMAADCL,1.0,0,0.000
3841,1CMAADCL,2.0,0,0.000
3841,1CMAADCL,3.0,0,0.000
3841,1CSPiece,1.0,0,0.000
3841,1CSPiece,2.0,0,0.000
3841,1CSPiece,3.0,0,0.000
3841,1CSPiece,3.0,0,0.000
3841,PkgSRetG,32.0,0,0.000
3842,1CMAADCL,1.0,32,21.504
3842,1CSPiece,1.0,5,45.880
3842,1CSPiece,2.0,0,0.000
3843,1ClFlat,4.0,0,0.000
3843,1CSPiece,1.0,0,0.000
3843,1CSPiece,2.0,0,0.000
3843,Int1stS,16.0,0,0.000
3843,PkgSLiSP,16.0,0,0.000
3843,PkgSLiSP,32.0,0,0.000
3843,PkgSLiSP,80.0,0,0.000
3844,NOCLASS,0.0,0,0.000
3844,NOCLASS,16.0,0,0.000
3844,1ClFlat,1.0,0,0.000
3844,1ClFlat,2.0,0,0.000
3844,1ClFlat,3.0,1,2.170
3844,1ClFlat,4.0,0,0.000
3844,1ClFlat,5.0,0,0.000
3844,1ClFlat,6.0,0,0.000
3844,1ClFlat,7.0,0,0.000
3844,1ClFlat,10.0,0,0.000
3844,1ClFlat,11.0,0,0.000
3844,1ClFlat,12.0,0,0.000
3844,1ClFlat,13.0,0,0.000
3844,1CMAADCL,1.0,65,43.680
3844,1CMAADCL,2.0,0,0.000
3844,1CSPiece,1.0,3,31.320
3844,1CSPiece,2.0,0,0.000
3844,1CSPiece,3.0,0,0.000
3844,1CSPiece,3.0,0,0.000
3844,Int1stLt,1.0,0,0.000
3844,OtherCls,1120.0,0,0.000
3844,PkgSRetG,32.0,0,0.000
3839,1ClFlat,2.0,0,0.000
3839,1CMAADCL,1.0,0,0.000
3839,1CSPiece,1.0,0,0.000
3839,1CSPiece,2.0,0,0.000
3839,1CSPiece,3.0,0,0.000
4809,1CMAADCL,1.0,0,0.000
4853,1ClFlat,2.0,0,0.000
4853,1ClFlat,3.0,0,0.000
4853,1CMAADCL,1.0,108,72.576
4853,1CMAADCL,2.0,0,0.000
4853,1CSPiece,1.0,7,5.180
4853,1CSPiece,2.0,0,0.000
3856,NOCLASS,0.0,0,0.000
9643,1ClFlat,6.0,0,0.000
9643,1CSPiece,1.0,0,0.000
9643,1CSPiece,2.0,0,0.000
3862,1CNAPres,1.0,0,0.000
9550,OtherCls,1120.0,0,0.000
3835,NOCLASS,0.0,99,67.914
3835,1CA5DFlt,1.0,0,0.000
3835,1CA5DFlt,2.0,1,1.240
3835,1CA5DFlt,3.0,2,3.020
3835,1CA5DFlt,4.0,0,0.000
3835,1CA5DFlt,5.0,1,2.060
3835,1CA5DFlt,6.0,0,0.000
3835,1CA5DFlt,7.0,0,0.000
3835,1CA5DFlt,8.0,1,2.900
3835,1CA5DFlt,9.0,1,3.180
3835,1ClFlat,1.0,0,0.000
3835,1ClFlat,3.0,0,0.000
3835,1ClFlat,4.0,0,0.000
3835,1ClFlat,6.0,0,0.000
3835,1ClFlat,9.0,0,0.000
3835,1ClFlat,11.0,0,0.000
3835,1ClFlat,13.0,0,0.000
3835,1CNAPres,1.0,24,16.464
3835,1CNAPres,2.0,7,4.802
3870,1CSPiece,1.0,0,0.000
3870,Int1stLt,1.0,0,0.000
3874,1CSPiece,1.0,0,0.000
3874,OtherCls,1120.0,0,0.000
3869,1CSPiece,2.0,0,0.000
4002,NOCLASS,0.0,0,0.000
4002,NOCLASS,8.0,0,0.000
4002,NOCLASS,16.0,0,0.000
4002,1CA5DFlt,2.0,0,0.000
4002,1CA5DFlt,3.0,0,0.000
4002,1CA5DFlt,7.0,0,0.000
4002,1ClFlat,1.0,0,0.000
4002,1ClFlat,2.0,15,28.500
4002,1ClFlat,3.0,23,49.910
4002,1ClFlat,4.0,0,0.000
4002,1ClFlat,5.0,0,0.000
4002,1ClFlat,6.0,0,0.000
4002,1ClFlat,7.0,0,0.000
4002,1ClFlat,8.0,0,0.000
4002,1ClFlat,9.0,0,0.000
4002,1ClFlat,10.0,0,0.000
4002,1CNAPres,1.0,10,6.860
4002,1CNAPres,2.0,0,0.000
4002,1CNAPres,3.0,0,0.000
4002,1CSPiece,1.0,0,0.000
4002,1CSPiece,2.0,0,0.000
4002,1CSPiece,3.0,0,0.000
4002,OtherCls,1120.0,0,0.000
4005,NOCLASS,0.0,0,0.000
4005,NOCLASS,4.0,0,0.000
4005,NOCLASS,16.0,0,0.000
4005,1CA5DFlt,1.0,0,0.000
4005,1CA5DFlt,2.0,0,0.000
4005,1CA5DFlt,3.0,9,13.590
4005,1CA5DFlt,4.0,13,23.140
4005,1CA5DFlt,5.0,0,0.000
4005,1CA5DFlt,6.0,0,0.000
4005,1CA5DFlt,8.0,0,0.000
4005,1ClFlat,1.0,0,0.000
4005,1ClFlat,2.0,0,0.000
4005,1ClFlat,3.0,0,0.000
4005,1ClFlat,4.0,1,2.440
4005,1ClFlat,5.0,0,0.000
4005,1ClFlat,6.0,0,0.000
4005,1ClFlat,7.0,0,0.000
4005,1ClFlat,8.0,0,0.000
4005,1ClFlat,9.0,0,0.000
4005,1ClFlat,11.0,0,0.000
4005,1ClFlat,12.0,0,0.000
4005,1ClFlat,13.0,0,0.000
4005,1CNAPres,1.0,148,101.528
4005,1CNAPres,2.0,0,0.000
4005,1CNAPres,3.0,0,0.000
4005,1CSPiece,1.0,32,23.680
4005,1CSPiece,2.0,15,15.450
4005,1CSPiece,3.0,0,0.000
4005,1stClNMLtr,1.0,0,0.000
4005,1stClNMLtr,2.0,0,0.000
4005,1stClNMLtr,3.0,0,0.000
4005,1stClNMLtr,3.0,0,0.000
4005,OtherCls,1120.0,0,0.000
4005,PkgSRetG,32.0,0,0.000
4006,NOCLASS,0.0,0,0.000
4006,1CA5DFlt,1.0,0,0.000
4006,1CA5DFlt,2.0,0,0.000
4006,1CA5DFlt,3.0,0,0.000
4006,1CA5DFlt,4.0,0,0.000
4006,1CA5DFlt,5.0,0,0.000
4006,1CA5DFlt,6.0,0,0.000
4006,1CA5DFlt,8.0,0,0.000
4006,1ClFlat,1.0,0,0.000
4006,1ClFlat,2.0,0,0.000
4006,1ClFlat,3.0,0,0.000
4006,1ClFlat,4.0,0,0.000
4006,1ClFlat,5.0,0,0.000
4006,1ClFlat,6.0,0,0.000
4006,1ClFlat,8.0,0,0.000
4006,1ClFlat,9.0,0,0.000
4006,1ClFlat,10.0,0,0.000
4006,1ClFlat,12.0,0,0.000
4006,1ClFlat,13.0,0,0.000
4006,1CNAPres,1.0,48,32.928
4006,1CNAPres,2.0,0,0.000
4006,1CNAPres,3.0,0,0.000
4006,1CSPiece,1.0,2,1.480
4006,1CSPiece,2.0,0,0.000
4006,1CSPiece,3.0,0,0.000
4006,1stClNMLtr,2.0,0,0.000
4006,OtherCls,1120.0,0,0.000
4007,NOCLASS,0.0,33,0.000
4007,NOCLASS,4.0,0,0.000
4007,1CA5DFlt,1.0,0,0.000
4007,1CA5DFlt,2.0,6,7.440
4007,1CA5DFlt,3.0,64,96.640
4007,1CA5DFlt,4.0,1,1.780
4007,1CA5DFlt,5.0,1,2.060
4007,1CA5DFlt,6.0,1,2.340
4007,1CA5DFlt,7.0,0,0.000
4007,1CA5DFlt,10.0,0,0.000
4007,1CA5DFlt,13.0,0,0.000
4007,1ClFlat,1.0,0,0.000
4007,1ClFlat,2.0,0,0.000
4007,1ClFlat,3.0,0,0.000
4007,1ClFlat,4.0,0,0.000
4007,1ClFlat,5.0,0,0.000
4007,1ClFlat,6.0,0,0.000
4007,1ClFlat,7.0,0,0.000
4007,1ClFlat,8.0,0,0.000
4007,1ClFlat,9.0,0,0.000
4007,1ClFlat,10.0,0,0.000
4007,1ClFlat,11.0,0,0.000
4007,1ClFlat,12.0,0,0.000
4007,1CNAPres,1.0,59,40.474
4007,1CNAPres,2.0,0,0.000
4007,1CNAPres,3.0,0,0.000
4007,1CSPiece,1.0,0,0.000
4007,1CSPiece,2.0,0,0.000
4007,1CSPiece,3.0,0,0.000
4007,1stClNMLtr,1.0,0,0.000
4007,1stClNMLtr,2.0,0,0.000
4007,1stClNMLtr,3.0,0,0.000
4007,1stClNMLtr,3.0,0,0.000
4007,OtherCls,1120.0,0,0.000
4008,NOCLASS,0.0,0,0.000
4008,NOCLASS,4.0,0,0.000
4008,NOCLASS,8.0,0,0.000
4008,1CA5DFlt,1.0,0,0.000
4008,1CA5DFlt,2.0,0,0.000
4008,1CA5DFlt,3.0,0,0.000
4008,1CA5DFlt,4.0,0,0.000
4008,1CA5DFlt,5.0,0,0.000
4008,1CA5DFlt,6.0,0,0.000
4008,1CA5DFlt,7.0,0,0.000
4008,1CA5DFlt,8.0,0,0.000
4008,1CA5DFlt,10.0,0,0.000
4008,1ClFlat,1.0,0,0.000
4008,1ClFlat,2.0,0,0.000
4008,1ClFlat,3.0,0,0.000
4008,1ClFlat,4.0,0,0.000
4008,1ClFlat,5.0,0,0.000
4008,1ClFlat,6.0,0,0.000
4008,1ClFlat,7.0,0,0.000
4008,1ClFlat,8.0,0,0.000
4008,1ClFlat,9.0,0,0.000
4008,1ClFlat,10.0,0,0.000
4008,1ClFlat,12.0,0,0.000
4008,1ClFlat,13.0,0,0.000
4008,1CNAPres,1.0,25,17.150
4008,1CNAPres,2.0,0,0.000
4008,1CNAPres,3.0,0,0.000
4008,1CSPiece,1.0,13,135.720
4008,1CSPiece,2.0,0,0.000
4008,1CSPiece,3.0,0,0.000
4008,1stClNMLtr,2.0,0,0.000
4008,OtherCls,1120.0,0,0.000
4008,PkgSRetG,32.0,0,0.000
4013,NOCLASS,0.0,0,0.000
4013,NOCLASS,4.0,0,0.000
4013,1CA5DFlt,2.0,0,0.000
4013,1CA5DFlt,3.0,0,0.000
4013,1CA5DFlt,4.0,0,0.000
4013,1CA5DFlt,5.0,0,0.000
4013,1CA5DFlt,6.0,0,0.000
4013,1CA5DFlt,7.0,0,0.000
4013,1CA5DFlt,8.0,0,0.000
4013,1ClFlat,1.0,0,0.000
4013,1ClFlat,2.0,0,0.000
4013,1ClFlat,3.0,0,0.000
4013,1ClFlat,4.0,0,0.000
4013,1ClFlat,5.0,0,0.000
4013,1ClFlat,6.0,0,0.000
4013,1ClFlat,7.0,0,0.000
4013,1ClFlat,8.0,0,0.000
4013,1ClFlat,9.0,0,0.000
4013,1ClFlat,10.0,0,0.000
4013,1ClFlat,12.0,0,0.000
4013,1CNAPres,1.0,45,30.870
4013,1CNAPres,2.0,16,10.976
4013,1CSPiece,1.0,0,0.000
4013,1CSPiece,2.0,0,0.000
4013,1CSPiece,3.0,0,0.000
4013,1CSPiece,3.0,0,0.000
4013,1stClNMLtr,1.0,0,0.000
4013,OtherCls,1120.0,0,0.000
4013,PkgSRetG,32.0,0,0.000
4013,Priority,16.0,0,0.000
4013,Priority,32.0,0,0.000
4013,Priority,48.0,0,0.000
4014,NOCLASS,0.0,0,0.000
4014,NOCLASS,4.0,0,0.000
4014,1CA5DFlt,3.0,0,0.000
4014,1CA5DFlt,5.0,0,0.000
4014,1ClFlat,1.0,0,0.000
4014,1ClFlat,2.0,0,0.000
4014,1ClFlat,3.0,0,0.000
4014,1ClFlat,4.0,0,0.000
4014,1ClFlat,5.0,0,0.000
4014,1ClFlat,6.0,0,0.000
4014,1ClFlat,7.0,0,0.000
4014,1ClFlat,8.0,0,0.000
4014,1ClFlat,9.0,0,0.000
4014,1ClFlat,10.0,0,0.000
4014,1ClFlat,11.0,0,0.000
4014,1ClFlat,12.0,0,0.000
4014,1CNAPres,1.0,422,289.492
4014,1CNAPres,2.0,0,0.000
4014,1CSPiece,1.0,0,0.000
4014,1CSPiece,2.0,0,0.000
4014,1CSPiece,3.0,0,0.000
4014,1CSPiece,3.0,0,0.000
4014,OtherCls,1120.0,0,0.000
4015,1CNAPres,1.0,0,0.000
4015,1CNAPres,2.0,0,0.000
4015,1CSPiece,1.0,0,0.000
4015,1CSPiece,2.0,0,0.000
4015,1CSPiece,3.0,0,0.000
4015,1CSPiece,3.0,0,0.000
3879,NOCLASS,0.0,0,0.000
3879,1CSPiece,1.0,0,0.000
3879,1CSPiece,2.0,0,0.000
3879,OtherCls,1120.0,0,0.000
3687,NOCLASS,0.0,0,0.000
3687,1CMAADCL,1.0,32,21.504
3687,1CSPiece,1.0,0,0.000
3880,1CSPiece,1.0,0,0.000
3878,1CSPiece,1.0,0,0.000
3885,NOCLASS,0.0,0,0.000
3885,1CNAPres,1.0,0,0.000
3882,Int1stLt,1.0,0,0.000
3889,NOCLASS,0.0,0,0.000
3859,NOCLASS,0.0,0,0.000
3859,Int1stLt,1.0,0,0.000
4050,1CA5DFlt,2.0,0,0.000
4050,1CA5DFlt,3.0,0,0.000
4050,1CAAADCL,1.0,0,0.000
4050,1ClFlat,3.0,0,0.000
4050,1ClFlat,4.0,0,0.000
4050,1ClFlat,6.0,0,0.000
4054,1CA5DFlt,2.0,0,0.000
4054,1CA5DFlt,3.0,7,10.570
4056,1CAAADCL,1.0,0,0.000
4056,OtherCls,1120.0,0,0.000
4059,1CAAADCL,1.0,0,0.000
4062,NOCLASS,12.0,0,0.000
4062,1CA5DFlt,2.0,0,0.000
4062,1CA5DFlt,3.0,0,0.000
4062,1CA5DFlt,4.0,0,0.000
4062,1CA5DFlt,5.0,0,0.000
4062,1CAAADCL,1.0,0,0.000
4062,1ClFlat,3.0,0,0.000
4062,1ClFlat,4.0,0,0.000
4063,1CAAADCL,1.0,0,0.000
4064,NOCLASS,16.0,0,0.000
4064,1ClFlat,2.0,0,0.000
4064,1ClFlat,3.0,0,0.000
4064,PkgSRetG,32.0,0,0.000
4065,1ClFlat,3.0,0,0.000
4065,1CSPiece,3.0,0,0.000
4076,1ClFlat,6.0,0,0.000
4076,1ClFlat,11.0,0,0.000
4080,1CAAADCL,1.0,0,0.000
4081,1CA5DFlt,5.0,0,0.000
4081,1CA5DFlt,11.0,0,0.000
4083,1CAAADCL,1.0,0,0.000
4083,OtherCls,1120.0,0,0.000
4085,1CAAADCL,1.0,0,0.000
4085,1CSPiece,1.0,0,0.000
4085,1CSPiece,2.0,0,0.000
4086,1CA5DFlt,2.0,34,42.160
4086,1CA5DFlt,3.0,1,1.510
4086,1CA5DFlt,4.0,0,0.000
4086,1CA5DFlt,5.0,0,0.000
4086,1CAAADCL,1.0,1,0.641
4086,1CSPiece,1.0,0,0.000
4087,1CA5DFlt,2.0,0,0.000
4087,1CAAADCL,1.0,0,0.000
4087,OtherCls,1120.0,0,0.000
4088,1CAAADCL,1.0,96,61.536
4089,1CA5DFlt,2.0,0,0.000
4089,1CA5DFlt,3.0,0,0.000
4089,1CAAADCL,1.0,0,0.000
4089,1CSPiece,1.0,0,0.000
4094,1ClFlat,11.0,0,0.000
4094,1ClFlat,12.0,0,0.000
4098,1CAAADCL,1.0,0,0.000
4099,1CAAADCL,1.0,1,0.641
4103,1CAAADCL,1.0,21,13.461
4106,1CAAADCL,1.0,0,0.000
4109,1CAAADCL,1.0,0,0.000
3895,NOCLASS,0.0,0,0.000
